Elapsed_Time,Volume (ml)
1.007713794708252,0.0
1.0962905883789062,0.0
1.19093656539917,0.0
1.2847659587860107,0.0
1.3748934268951416,0.0
1.4691674709320068,0.0
1.5637025833129883,0.0
1.6540336608886719,0.0
1.7477478981018066,0.0
1.8415989875793457,0.0
1.9322028160095215,0.0
2.0310709476470947,0.0
2.1328115463256836,0.0
2.2311458587646484,0.0
2.333519220352173,0.0
2.4314990043640137,8.0
2.5346028804779053,20.0
2.6327006816864014,34.0
2.7351696491241455,60.0
2.8337535858154297,85.0
2.931903123855591,104.0
3.033599853515625,148.0
3.1327426433563232,244.0
3.23506760597229,345.0
3.3329389095306396,401.0
3.4357354640960693,416.0
3.5338566303253174,416.0
3.6366493701934814,416.0
3.7346742153167725,416.0
3.8329474925994873,416.0
3.935398578643799,416.0
4.0329389572143555,416.0
4.135969400405884,416.0
4.234487533569336,416.0
4.336395025253296,416.0
4.435007810592651,416.0
4.5367653369903564,416.0
4.635680437088013,416.0
4.734258413314819,416.0
4.8365395069122314,416.0
4.934440612792969,416.0
5.036797046661377,416.0
5.135623931884766,416.0
5.237645149230957,416.0
5.3361241817474365,416.0
5.438469171524048,416.0
5.5368812084198,416.0
5.639321327209473,416.0
5.737503528594971,416.0
5.835719108581543,416.0
5.938075304031372,416.0
6.036617755889893,416.0
6.138311386108398,416.0
6.237524509429932,416.0
6.339527130126953,416.0
6.437615394592285,415.0
6.54025936126709,410.0
6.639340400695801,400.0
6.7373247146606445,391.0
6.83841347694397,377.0
6.937582015991211,368.0
7.039315462112427,370.0
7.137858867645264,375.0
7.240530490875244,381.0
7.338651180267334,381.0
7.4406898021698,381.0
7.538883209228516,381.0
7.637766122817993,381.0
7.739825963973999,381.0
7.838181495666504,381.0
7.940918684005737,381.0
8.038926601409912,381.0
8.141777515411377,380.0
8.239639282226562,381.0
8.342672348022461,381.0
8.440329790115356,380.0
8.543120384216309,381.0
8.64156723022461,381.0
8.739213228225708,381.0
8.841902732849121,381.0
8.940619230270386,381.0
9.043004035949707,381.0
9.140769004821777,381.0
9.243792057037354,381.0
9.341784715652466,381.0
9.443663835525513,381.0
9.54277491569519,381.0
9.640451192855835,381.0
9.742538213729858,381.0
9.840831279754639,381.0
9.943639039993286,381.0
10.042183637619019,381.0
10.144726037979126,381.0
10.243068933486938,381.0
10.345288038253784,381.0
10.443739175796509,381.0
10.542035579681396,381.0
10.643760442733765,381.0
10.742652893066406,381.0
10.84497332572937,381.0
10.94290828704834,381.0
11.045737266540527,381.0
11.144004344940186,381.0
11.246522665023804,385.0
11.344321250915527,391.0
11.446812868118286,390.0
11.545106649398804,384.0
11.643268823623657,389.0
11.746079206466675,397.0
11.843915462493896,385.0
11.946578025817871,381.0
12.044734954833984,381.0
12.147632360458374,381.0
12.245467901229858,393.0
12.347803831100464,419.0
12.446105003356934,392.0
12.54446291923523,393.0
12.646413803100586,389.0
12.7455575466156,381.0
12.84755277633667,381.0
12.945520401000977,389.0
13.048890113830566,409.0
13.146750926971436,436.0
13.248555660247803,471.0
13.347567319869995,496.0
13.445632457733154,454.0
13.548179864883423,378.0
13.646498441696167,380.0
13.748414754867554,381.0
13.84753155708313,381.0
13.949809312820435,381.0
14.047794580459595,381.0
14.15006971359253,381.0
14.248448133468628,381.0
14.34675407409668,381.0
14.448906898498535,381.0
14.547402620315552,381.0
14.649401187896729,382.0
14.748679876327515,390.0
14.846078872680664,407.0
14.949066877365112,405.0
15.050772190093994,394.0
15.149713516235352,401.0
15.247538805007935,401.0
15.35043454170227,378.0
15.44812273979187,373.0
15.550614595413208,374.0
15.649017810821533,378.0
15.747851133346558,380.0
15.849379301071167,381.0
15.951891899108887,381.0
16.05066466331482,381.0
16.14964008331299,381.0
16.251506805419922,382.0
16.349756002426147,391.0
16.45183038711548,392.0
16.550783395767212,383.0
16.648079872131348,381.0
16.751039505004883,381.0
16.85353136062622,381.0
16.950793027877808,381.0
17.050201177597046,381.0
17.15220069885254,388.0
17.250430583953857,401.0
17.352989196777344,397.0
17.451076984405518,393.0
17.549452781677246,376.0
17.65191340446472,373.0
17.750089168548584,380.0
17.852701425552368,381.0
17.951457977294922,381.0
18.053600549697876,382.0
18.151397943496704,384.0
18.25432586669922,383.0
18.351954460144043,381.0
18.450736045837402,381.0
18.55344247817993,381.0
18.651017904281616,381.0
18.753450632095337,381.0
18.85162901878357,381.0
18.95404624938965,381.0
19.052937507629395,383.0
19.154871225357056,383.0
19.253398180007935,387.0
19.35184669494629,393.0
19.454156160354614,396.0
19.553009510040283,388.0
19.654725790023804,377.0
19.752440214157104,362.0
19.85520029067993,370.0
19.953949689865112,401.0
20.05618929862976,395.0
20.15474247932434,368.0
20.25293803215027,357.0
20.35529398918152,360.0
20.453744173049927,372.0
20.555704355239868,382.0
20.653860330581665,387.0
20.7563157081604,383.0
20.85454249382019,384.0
20.95343780517578,393.0
21.05563497543335,403.0
21.153568267822266,416.0
21.256503105163574,396.0
21.355085372924805,376.0
21.4573495388031,376.0
21.555431842803955,376.0
21.657596111297607,376.0
21.755698919296265,376.0
21.854711294174194,376.0
21.95682668685913,376.0
22.055424213409424,376.0
22.157690048217773,380.0
22.255842924118042,391.0
22.3576762676239,407.0
22.45646381378174,414.0
22.558924674987793,387.0
22.65748929977417,373.0
22.75581693649292,400.0
22.857541799545288,422.0
22.955679655075073,425.0
23.058128595352173,409.0
23.15643811225891,378.0
23.259429216384888,359.0
23.35748863220215,355.0
23.460195302963257,352.0
23.557982921600342,356.0
23.656065940856934,358.0
23.759113311767578,358.0
23.85756492614746,358.0
23.959364414215088,359.0
24.058055877685547,359.0
24.15587830543518,359.0
24.258588790893555,359.0
24.356186389923096,359.0
24.459463357925415,359.0
24.557657480239868,359.0
24.660084009170532,359.0
24.758277416229248,359.0
24.860790252685547,359.0
24.958735466003418,359.0
25.057583332061768,359.0
25.15959930419922,359.0
25.25771141052246,359.0
25.359851360321045,359.0
25.458512783050537,359.0
25.56118392944336,359.0
25.659640550613403,359.0
25.762052059173584,359.0
25.860060214996338,359.0
25.95900821685791,359.0
26.060795545578003,359.0
26.158575773239136,359.0
26.261115550994873,359.0
26.359468460083008,359.0
26.461732149124146,359.0
26.56074357032776,359.0
26.662551164627075,363.0
26.76149344444275,377.0
26.859050035476685,404.0
26.9622483253479,432.0
27.05962824821472,480.0
27.162158250808716,506.0
27.261335611343384,503.0
27.363642930984497,449.0
27.461440801620483,393.0
27.564186573028564,392.0
27.662403345108032,391.0
27.76015615463257,391.0
27.86296248435974,391.0
27.96139430999756,392.0
28.063161373138428,394.0
28.162278652191162,394.0
28.26465392112732,394.0
28.362769603729248,394.0
28.464576721191406,394.0
28.56344771385193,394.0
28.66148543357849,394.0
28.764219284057617,394.0
28.86237120628357,394.0
28.964263200759888,394.0
29.063190460205078,394.0
29.165464162826538,394.0
29.263874053955078,394.0
29.365504026412964,394.0
29.46402883529663,394.0
29.56223487854004,394.0
29.664820671081543,394.0
29.76332378387451,394.0
29.865546941757202,394.0
29.96436095237732,394.0
30.06248664855957,394.0
30.164445877075195,394.0
30.262747526168823,394.0
30.365614652633667,394.0
30.464139938354492,394.0
30.5656955242157,394.0
30.66458797454834,394.0
30.766192197799683,394.0
30.864531755447388,394.0
30.96352458000183,394.0
31.065655946731567,394.0
31.164241075515747,394.0
31.266582012176514,394.0
31.364394903182983,394.0
31.46749997138977,394.0
31.565481662750244,394.0
31.667707920074463,394.0
31.766072511672974,394.0
31.86432433128357,394.0
31.966551065444946,394.0
32.065492391586304,394.0
32.16757678985596,394.0
32.26616978645325,394.0
32.36810827255249,394.0
32.46662425994873,394.0
32.568930864334106,394.0
32.66615009307861,394.0
32.765562534332275,394.0
32.867496728897095,394.0
32.966246604919434,394.0
33.06858444213867,394.0
33.167381286621094,394.0
33.26968336105347,394.0
33.36792516708374,394.0
33.46577000617981,394.0
33.56852054595947,394.0
33.666019678115845,394.0
33.76883268356323,394.0
33.86747479438782,394.0
33.96928405761719,394.0
34.06839942932129,394.0
34.1705367565155,394.0
34.26877045631409,394.0
34.36734914779663,394.0
34.46937298774719,394.0
34.56783080101013,394.0
34.669917345047,394.0
34.76788878440857,394.0
34.87052345275879,394.0
34.96896767616272,394.0
35.071725845336914,394.0
35.169668674468994,394.0
35.26868224143982,394.0
35.37059664726257,394.0
35.468852281570435,394.0
35.57093143463135,394.0
35.6696834564209,394.0
35.7718448638916,394.0
35.870476484298706,394.0
35.97269368171692,394.0
36.070913553237915,394.0
36.16941237449646,394.0
36.271520376205444,394.0
36.369532346725464,394.0
36.4723105430603,394.0
36.57025122642517,394.0
36.668766021728516,394.0
36.77151870727539,394.0
36.87374210357666,394.0
36.972179651260376,394.0
37.0705943107605,394.0
37.17251920700073,394.0
37.270753145217896,394.0
37.37326192855835,394.0
37.47164821624756,394.0
37.570101261138916,394.0
37.67231869697571,394.0
37.775238037109375,394.0
37.87266397476196,394.0
37.971104860305786,394.0
38.07381892204285,394.0
38.17212247848511,394.0
38.27447748184204,394.0
38.372955083847046,394.0
38.4707350730896,394.0
38.5734326839447,394.0
38.675381660461426,394.0
38.77384066581726,394.0
38.87236785888672,394.0
38.97423601150513,394.0
39.07292675971985,394.0
39.17565369606018,394.0
39.27329397201538,394.0
39.37207746505737,394.0
39.47464847564697,394.0
39.572898149490356,394.0
39.67502570152283,394.0
39.77340340614319,394.0
39.87532711029053,394.0
39.97435140609741,394.0
40.0762996673584,394.0
40.17456388473511,394.0
40.27369213104248,394.0
40.375688314437866,394.0
40.47363042831421,394.0
40.57655572891235,394.0
40.674357414245605,394.0
40.77716898918152,394.0
40.87499475479126,394.0
40.97743773460388,394.0
41.0763099193573,394.0
41.17427921295166,394.0
41.27639627456665,394.0
41.37462520599365,394.0
41.47737765312195,394.0
41.575470209121704,394.0
41.67801856994629,394.0
41.77642297744751,394.0
41.87857127189636,394.0
41.976195096969604,394.0
42.07517385482788,394.0
42.177483797073364,394.0
42.27632784843445,394.0
42.378690242767334,394.0
42.47641444206238,394.0
42.57876777648926,394.0
42.677536964416504,394.0
42.77932357788086,394.0
42.879371881484985,394.0
42.976280212402344,394.0
43.078667640686035,394.0
43.176713705062866,394.0
43.27924299240112,394.0
43.3774356842041,394.0
43.47999548912048,394.0
43.57875347137451,394.0
43.676114559173584,394.0
43.7792546749115,394.0
43.877376317977905,394.0
43.97991418838501,394.0
44.07760190963745,394.0
44.18020057678223,394.0
44.278879165649414,394.0
44.380895137786865,394.0
44.47940540313721,394.0
44.57798910140991,394.0
44.679826974868774,394.0
44.7784743309021,394.0
44.88058161735535,394.0
44.97984433174133,394.0
45.08147382736206,394.0
45.179638385772705,394.0
45.281912326812744,394.0
45.38051724433899,394.0
45.47945833206177,394.0
45.58148550987244,394.0
45.67926788330078,394.0
45.78218412399292,394.0
45.88068246841431,394.0
45.98280572891235,394.0
46.08072113990784,394.0
46.17968702316284,394.0
46.28155493736267,394.0
46.379740476608276,394.0
46.482322216033936,394.0
46.58100080490112,394.0
46.68285322189331,394.0
46.781503438949585,394.0
46.87988066673279,394.0
46.98181509971619,394.0
47.080486536026,394.0
47.182844161987305,394.0
47.281420946121216,394.0
47.38302826881409,394.0
47.481966972351074,394.0
47.58399677276611,394.0
47.68289113044739,394.0
47.78077006340027,394.0
47.88316464424133,394.0
47.98159885406494,394.0
48.08374762535095,394.0
48.18228316307068,394.0
48.28469181060791,394.0
48.383126974105835,394.0
48.48546266555786,394.0
48.583884716033936,394.0
48.68139410018921,394.0
48.783966302871704,394.0
48.882563829422,394.0
48.98440217971802,394.0
49.08302068710327,394.0
49.185513734817505,394.0
49.283477544784546,394.0
49.385924100875854,394.0
49.48439311981201,394.0
49.582730531692505,394.0
49.6850905418396,394.0
49.783652544021606,394.0
49.886467933654785,394.0
49.984601974487305,394.0
50.08632278442383,394.0
50.18553853034973,394.0
50.28755712509155,394.0
50.385969161987305,394.0
50.484397888183594,394.0
50.586533308029175,394.0
50.6848042011261,394.0
50.78734374046326,394.0
50.88557696342468,394.0
50.9877495765686,394.0
51.08591032028198,394.0
51.188159465789795,394.0
51.286438941955566,394.0
51.38538098335266,394.0
51.4877405166626,394.0
51.58548545837402,394.0
51.68820595741272,394.0
51.786540269851685,394.0
51.888322830200195,394.0
51.98727250099182,394.0
52.08970046043396,394.0
52.187710762023926,394.0
52.28581261634827,394.0
52.388532876968384,394.0
52.48642563819885,394.0
52.58902835845947,394.0
52.68731069564819,394.0
52.785852909088135,394.0
52.88748621940613,394.0
52.986138105392456,394.0
53.08899974822998,394.0
53.18762254714966,394.0
53.28945279121399,394.0
53.38760709762573,394.0
53.49021816253662,394.0
53.58854007720947,394.0
53.686673164367676,394.0
53.78959631919861,394.0
53.88751244544983,394.0
53.98991370201111,394.0
54.08813667297363,394.0
54.1904559135437,394.0
54.28939414024353,394.0
54.39155459403992,394.0
54.49017333984375,394.0
54.58836102485657,394.0
54.69031763076782,394.0
54.7887499332428,394.0
54.891289710998535,394.0
54.98976540565491,394.0
55.09189820289612,394.0
55.18993282318115,394.0
55.29275131225586,394.0
55.390934467315674,394.0
55.48968577384949,394.0
55.5916268825531,394.0
55.69014263153076,394.0
55.79231548309326,394.0
55.89087104797363,394.0
55.99308729171753,394.0
56.09141445159912,394.0
56.18939709663391,394.0
56.29211449623108,394.0
56.38985538482666,394.0
56.49270248413086,394.0
56.591012477874756,394.0
56.69284915924072,394.0
56.79165053367615,394.0
56.893306732177734,394.0
56.99246096611023,394.0
57.09064960479736,394.0
57.19343876838684,394.0
57.291013956069946,394.0
57.39359712600708,394.0
57.4921019077301,394.0
57.5942542552948,394.0
57.69539260864258,394.0
57.794599533081055,394.0
57.89298391342163,394.0
57.99166965484619,394.0
58.09395718574524,394.0
58.19249248504639,394.0
58.29457759857178,394.0
58.39343023300171,394.0
58.49572205543518,394.0
58.59362840652466,394.0
58.697338342666626,394.0
58.794384241104126,394.0
58.89260816574097,394.0
58.99493360519409,394.0
59.09283471107483,394.0
59.19551181793213,394.0
59.293917417526245,394.0
59.391993284225464,394.0
59.494616985321045,394.0
59.59757471084595,394.0
59.69523215293884,394.0
59.79382538795471,394.0
59.895811557769775,394.0
59.994611740112305,394.0
60.09639525413513,394.0
60.194708585739136,394.0
60.29304099082947,394.0
60.395488023757935,394.0
60.49864625930786,394.0
60.596731185913086,394.0
60.69494557380676,394.0
60.79758930206299,394.0
60.895732164382935,394.0
60.99805784225464,394.0
61.096415758132935,394.0
61.19471025466919,394.0
61.29604458808899,394.0
61.399550437927246,394.0
61.497883319854736,394.0
61.59571313858032,394.0
61.6985125541687,394.0
61.795746088027954,394.0
61.89904713630676,394.0
61.99764943122864,394.0
62.09545850753784,394.0
62.19730496406555,394.0
62.295876264572144,394.0
62.399242639541626,394.0
62.496647357940674,394.0
62.599050998687744,394.0
62.6975884437561,394.0
62.800475120544434,394.0
62.89786911010742,394.0
62.99654030799866,394.0
63.098878622055054,394.0
63.197242975234985,394.0
63.29991030693054,394.0
63.39871835708618,394.0
63.500282526016235,394.0
63.59894347190857,394.0
63.70089054107666,394.0
63.79983949661255,394.0
63.89747762680054,394.0
63.99980545043945,394.0
64.09777760505676,394.0
64.20044541358948,394.0
64.29862213134766,394.0
64.4017322063446,394.0
64.50020408630371,394.0
64.60180926322937,394.0
64.70078134536743,394.0
64.79919815063477,394.0
64.90131449699402,394.0
64.99955439567566,394.0
65.10190796852112,394.0
65.2003002166748,394.0
65.30264568328857,394.0
65.40107560157776,394.0
65.49972748756409,394.0
65.60169005393982,394.0
65.69952893257141,394.0
65.80207014083862,394.0
65.90109395980835,394.0
66.00246095657349,394.0
66.10151386260986,394.0
66.20383191108704,394.0
66.3017942905426,394.0
66.4003279209137,394.0
66.50301146507263,394.0
66.60089540481567,394.0
66.70241403579712,394.0
66.80119132995605,394.0
66.90402054786682,394.0
67.0021231174469,394.0
67.104487657547,394.0
67.20332598686218,394.0
67.30170893669128,394.0
67.40391206741333,394.0
67.50212335586548,394.0
67.60462546348572,394.0
67.70245337486267,394.0
67.80507493019104,394.0
67.90335369110107,394.0
68.00585675239563,394.0
68.10358095169067,394.0
68.20260977745056,394.0
68.30445671081543,394.0
68.40303683280945,394.0
68.5052056312561,394.0
68.60345911979675,394.0
68.70230436325073,394.0
68.80449676513672,394.0
68.90643429756165,394.0
69.00490736961365,394.0
69.10318040847778,394.0
69.20568633079529,394.0
69.30440497398376,394.0
69.40588140487671,394.0
69.50482416152954,394.0
69.60345792770386,394.0
69.70550155639648,394.0
69.80382776260376,394.0
69.9064109325409,394.0
70.00507378578186,394.0
70.10737228393555,394.0
70.20506310462952,394.0
70.30762052536011,394.0
70.4054901599884,394.0
70.50401663780212,394.0
70.60568857192993,394.0
70.70494937896729,394.0
70.80752944946289,394.0
70.90557765960693,394.0
71.00831031799316,394.0
71.10613679885864,394.0
71.20825624465942,394.0
71.307199716568,394.0
71.40456509590149,394.0
71.50758719444275,394.0
71.6061704158783,391.0
71.70798659324646,382.0
71.80594253540039,377.0
71.90940594673157,375.0
72.00733518600464,375.0
72.10948610305786,365.0
72.20804047584534,357.0
72.30575108528137,359.0
72.40850830078125,359.0
72.50752782821655,359.0
72.6094901561737,359.0
72.70766091346741,359.0
72.80969190597534,364.0
72.90825605392456,381.0
73.01109099388123,380.0
73.1094217300415,371.0
73.20760464668274,361.0
73.30974650382996,365.0
73.40857601165771,387.0
73.51078367233276,431.0
73.60845708847046,456.0
73.71063542366028,423.0
73.80956625938416,379.0
73.91244173049927,363.0
74.01045155525208,361.0
74.10756158828735,363.0
74.21137142181396,404.0
74.30905866622925,398.0
74.411794424057,371.0
74.5102767944336,356.0
74.61237239837646,356.0
74.71061778068542,363.0
74.81327033042908,365.0
74.9111430644989,357.0
75.00932836532593,359.0
75.11251068115234,361.0
75.20994138717651,358.0
75.31270098686218,380.0
75.41135096549988,424.0
75.51370191574097,443.0
75.61165928840637,464.0
75.71043419837952,493.0
75.81267166137695,532.0
75.91064739227295,583.0
76.01324582099915,623.0
76.11143589019775,641.0
76.21436214447021,675.0
76.31181907653809,745.0
76.410635471344,814.0
76.51313257217407,856.0
76.61068034172058,928.0
76.71384024620056,945.0
76.81209564208984,769.0
76.91469740867615,586.0
77.01211071014404,485.0
77.11544990539551,451.0
77.2134895324707,451.0
77.31167006492615,418.0
77.41377472877502,426.0
77.51249146461487,436.0
77.61455917358398,449.0
77.71246290206909,450.0
77.81558537483215,457.0
77.91336798667908,429.0
78.01560378074646,413.0
78.11427807807922,466.0
78.2129020690918,578.0
78.3145706653595,696.0
78.41386437416077,652.0
78.5156307220459,538.0
78.6138653755188,474.0
78.71653771400452,438.0
78.81462836265564,377.0
78.91318321228027,339.0
79.01538014411926,332.0
79.11376786231995,334.0
79.21610474586487,335.0
79.3141872882843,335.0
79.41626691818237,335.0
79.5150101184845,335.0
79.61760902404785,335.0
79.71591353416443,335.0
79.81453132629395,335.0
79.91587519645691,335.0
80.01456308364868,336.0
80.1172502040863,337.0
80.21495914459229,339.0
80.31798219680786,339.0
80.41638684272766,339.0
80.51834559440613,339.0
80.61640119552612,339.0
80.71507954597473,339.0
80.81762719154358,339.0
80.91557741165161,340.0
81.01829195022583,347.0
81.11640310287476,355.0
81.2189826965332,345.0
81.31744742393494,362.0
81.41948008537292,377.0
81.5178439617157,389.0
81.61639070510864,422.0
81.71818685531616,441.0
81.81706500053406,383.0
81.91900730133057,345.0
82.01755213737488,337.0
82.11998009681702,337.0
82.2186074256897,337.0
82.32015204429626,337.0
82.4193205833435,337.0
82.5173077583313,337.0
82.61928796768188,337.0
82.7184100151062,337.0
82.82063484191895,337.0
82.91824579238892,337.0
83.0159797668457,337.0
83.11887836456299,337.0
83.22151970863342,337.0
83.32006168365479,337.0
83.41864347457886,337.0
83.52122211456299,337.0
83.61922931671143,337.0
83.72150993347168,337.0
83.81971526145935,337.0
83.91797709465027,337.0
84.02043104171753,337.0
84.1233401298523,337.0
84.2206015586853,337.0
84.31929612159729,337.0
84.42179226875305,337.0
84.5198495388031,337.0
84.6226212978363,337.0
84.7205331325531,337.0
84.81936717033386,337.0
84.92157077789307,337.0
85.0203583240509,337.0
85.12188816070557,337.0
85.22103357315063,337.0
85.32315325737,337.0
85.42136645317078,337.0
85.52327871322632,337.0
85.62204456329346,337.0
85.72025918960571,337.0
85.82225322723389,337.0
85.92063093185425,337.0
86.02353286743164,337.0
86.12148356437683,336.0
86.22400403022766,337.0
86.32254099845886,337.0
86.4248468875885,337.0
86.52311730384827,337.0
86.62121391296387,337.0
86.72341012954712,337.0
86.82242155075073,337.0
86.9240083694458,337.0
87.02260327339172,337.0
87.12529754638672,337.0
87.2234423160553,337.0
87.32533884048462,337.0
87.4243106842041,337.0
87.52233672142029,337.0
87.62449884414673,337.0
87.72258710861206,337.0
87.82524800300598,337.0
87.92333126068115,337.0
88.02581429481506,337.0
88.12467956542969,337.0
88.22270345687866,337.0
88.32468223571777,337.0
88.4236171245575,337.0
88.52548813819885,337.0
88.62429213523865,337.0
88.72637867927551,337.0
88.82491159439087,337.0
88.92729091644287,336.0
89.02576565742493,336.0
89.12364315986633,337.0
89.22580480575562,337.0
89.32465863227844,337.0
89.4272050857544,337.0
89.52476286888123,337.0
89.62789177894592,336.0
89.7262191772461,336.0
89.82841849327087,337.0
89.92675137519836,337.0
90.02466058731079,337.0
90.12722873687744,337.0
90.22547268867493,337.0
90.32732319831848,337.0
90.42573595046997,337.0
90.52885675430298,337.0
90.62588405609131,337.0
90.72894144058228,337.0
90.827632188797,337.0
90.92543268203735,337.0
91.02871656417847,336.0
91.12596273422241,336.0
91.229177236557,337.0
91.32725024223328,337.0
91.42597556114197,337.0
91.52807521820068,337.0
91.63050961494446,337.0
91.72843718528748,337.0
91.8273572921753,337.0
91.92965292930603,337.0
92.02745461463928,337.0
92.12984585762024,337.0
92.22836327552795,337.0
92.32572364807129,337.0
92.42933487892151,337.0
92.53158617019653,337.0
92.62960886955261,337.0
92.7280216217041,337.0
92.83008742332458,337.0
92.92892336845398,337.0
93.03053689002991,337.0
93.12922239303589,337.0
93.22742533683777,337.0
93.33046913146973,337.0
93.43246579170227,336.0
93.53087902069092,336.0
93.6288058757782,337.0
93.73096799850464,337.0
93.83035206794739,337.0
93.93227481842041,337.0
94.03049492835999,337.0
94.12857699394226,337.0
94.23158884048462,337.0
94.32997608184814,336.0
94.43233060836792,337.0
94.53046250343323,337.0
94.63252687454224,336.0
94.73124408721924,337.0
94.83379983901978,337.0
94.9313268661499,337.0
95.02974605560303,337.0
95.13240003585815,337.0
95.23030877113342,337.0
95.33328104019165,337.0
95.43090057373047,337.0
95.5332396030426,336.0
95.63216543197632,336.0
95.7340874671936,337.0
95.83290576934814,337.0
95.93130612373352,337.0
96.03344464302063,337.0
96.13193416595459,337.0
96.23405814170837,337.0
96.33169865608215,337.0
96.43497252464294,337.0
96.53325629234314,336.0
96.63556599617004,336.0
96.73383855819702,336.0
96.83229160308838,336.0
96.93472480773926,337.0
97.03262782096863,337.0
97.13501262664795,336.0
97.23364996910095,337.0
97.33573961257935,337.0
97.43437218666077,337.0
97.53267621994019,337.0
97.63496518135071,336.0
97.73373031616211,337.0
97.83580470085144,337.0
97.93415236473083,337.0
98.0361716747284,337.0
98.13438534736633,337.0
98.23592710494995,337.0
98.33464169502258,337.0
98.43392872810364,337.0
98.53606104850769,336.0
98.6346275806427,337.0
98.73620843887329,337.0
98.83528804779053,336.0
98.93764901161194,337.0
99.03566384315491,337.0
99.13790130615234,337.0
99.2364068031311,340.0
99.3347237110138,344.0
99.43743228912354,349.0
99.5354585647583,356.0
99.63753390312195,369.0
99.73568940162659,393.0
99.83850455284119,432.0
99.9360625743866,479.0
100.03889536857605,542.0
100.13757085800171,618.0
100.23572158813477,681.0
100.3380286693573,738.0
100.43610095977783,801.0
100.5389142036438,860.0
100.63735342025757,951.0
100.73536324501038,1022.0
100.8372974395752,1127.0
100.94065308570862,1232.0
101.03868770599365,1281.0
101.14123320579529,1173.0
101.23942852020264,1016.9999999999999
101.33723306655884,890.0
101.43962025642395,672.0
101.53831791877747,395.0
101.640207529068,286.0
101.73841643333435,287.0
101.84107804298401,331.0
101.93928170204163,335.0
102.04195618629456,335.0
102.13999891281128,335.0
102.23856019973755,335.0
102.34044599533081,342.0
102.43923211097717,364.0
102.54160642623901,367.0
102.64020729064941,354.0
102.74196887016296,341.0
102.8408591747284,339.0
102.94332313537598,348.0
103.04149413108826,349.0
103.13963675498962,335.0
103.24203205108643,335.0
103.3402009010315,335.0
103.44242548942566,335.0
103.54114842414856,336.0
103.64353537559509,336.0
103.74136877059937,335.0
103.84396958351135,338.0
103.94253158569336,344.0
104.04064297676086,339.0
104.142906665802,335.0
104.24125981330872,335.0
104.34394693374634,335.0
104.4416892528534,336.0
104.54013133049011,341.0
104.64304685592651,348.0
104.74551391601562,385.0
104.84388732910156,375.0
104.94198775291443,342.0
105.04401063919067,335.0
105.14275574684143,335.0
105.24489498138428,335.0
105.34343385696411,335.0
105.44113111495972,335.0
105.54344940185547,335.0
105.64647698402405,336.0
105.74490141868591,344.0
105.84271550178528,357.0
105.94508504867554,359.0
106.04321575164795,364.0
106.14633703231812,389.0
106.24408555030823,435.0
106.34275984764099,508.0
106.44485211372375,615.0
106.54308605194092,769.0
106.64573240280151,969.0
106.74435687065125,1141.0
106.84585452079773,1296.0
106.9448025226593,1335.0
107.04602313041687,1312.0
107.14506673812866,1227.0
107.24257612228394,1016.0
107.34555673599243,749.0
107.44431686401367,489.0
107.54705333709717,327.0
107.64449763298035,284.0
107.74760341644287,288.0
107.84537768363953,296.0
107.9482536315918,299.0
108.04567694664001,307.0
108.14505171775818,316.0
108.24738359451294,318.0
108.345947265625,326.0
108.44731068611145,331.0
108.5461311340332,331.0
108.64835286140442,330.0
108.74588060379028,331.0
108.84908246994019,333.0
108.94737315177917,337.0
109.04598927497864,357.0
109.14771819114685,408.0
109.24611735343933,452.0
109.34911894798279,429.0
109.44720888137817,334.0
109.54924726486206,359.0
109.64771389961243,398.0
109.75047087669373,508.0
109.84862208366394,613.0
109.94717502593994,623.0
110.04909300804138,593.0
110.14763975143433,540.0
110.2501859664917,489.0
110.34740424156189,420.0
110.45058941841125,356.0
110.54941177368164,327.0
110.64739751815796,323.0
110.74991130828857,323.0
110.84800863265991,323.0
110.95052981376648,323.0
111.0483603477478,323.0
111.15119242668152,323.0
111.24931359291077,323.0
111.35130143165588,323.0
111.45024299621582,323.0
111.54817008972168,323.0
111.65033411979675,323.0
111.74926280975342,323.0
111.85155391693115,323.0
111.94947600364685,323.0
112.051687002182,323.0
112.15034413337708,323.0
112.25312376022339,323.0
112.35149025917053,323.0
112.44963097572327,323.0
112.5514497756958,323.0
112.64978837966919,326.0
112.75198245048523,335.0
112.85122513771057,357.0
112.95355200767517,396.0
113.05136394500732,458.0
113.15354776382446,528.0
113.25232410430908,674.0
113.35057592391968,753.0
113.4529926776886,763.0
113.55167889595032,654.0
113.65332508087158,517.0
113.75201272964478,422.0
113.85040521621704,347.0
113.95201420783997,314.0
114.05125498771667,313.0
114.15309762954712,313.0
114.25165462493896,313.0
114.35444808006287,313.0
114.4522454738617,313.0
114.55464696884155,313.0
114.65321850776672,313.0
114.75158309936523,313.0
114.85380363464355,313.0
114.95225024223328,313.0
115.05460214614868,313.0
115.15251111984253,313.0
115.25487756729126,313.0
115.3531219959259,313.0
115.45534038543701,313.0
115.5542049407959,313.0
115.65190386772156,313.0
115.7549102306366,313.0
115.85351061820984,313.0
115.95499181747437,313.0
116.05343008041382,313.0
116.15637946128845,313.0
116.254723072052,313.0
116.35736441612244,313.0
116.45513391494751,313.0
116.5536904335022,313.0
116.6559579372406,313.0
116.75441765785217,313.0
116.85620713233948,313.0
116.95518159866333,313.0
117.05736637115479,313.0
117.15519189834595,313.0
117.25753426551819,313.0
117.35588598251343,313.0
117.45460796356201,313.0
117.55738854408264,313.0
117.65545797348022,313.0
117.75750422477722,313.0
117.85545039176941,313.0
117.9585976600647,313.0
118.05646300315857,313.0
118.16145181655884,313.0
118.25709843635559,313.0
118.35609126091003,313.0
118.45749068260193,313.0
118.55648112297058,313.0
118.65827941894531,313.0
118.75712728500366,313.0
118.85955262184143,313.0
118.95787715911865,313.0
119.05995678901672,313.0
119.1582293510437,313.0
119.25603103637695,313.0
119.35874557495117,313.0
119.45748281478882,313.0
119.56015801429749,313.0
119.6581130027771,313.0
119.76012754440308,313.0
119.85841155052185,313.0
119.95719313621521,313.0
120.05966567993164,313.0
120.15773034095764,313.0
120.26024842262268,313.0
120.35813069343567,313.0
120.4608359336853,313.0
120.5593810081482,313.0
120.66181373596191,313.0
120.75974726676941,313.0
120.85823917388916,313.0
120.96006751060486,313.0
121.05839824676514,313.0
121.16107201576233,313.0
121.25942325592041,313.0
121.36146664619446,313.0
121.46003937721252,313.0
121.55789303779602,313.0
121.66109347343445,313.0
121.75887322425842,313.0
121.86207509040833,313.0
121.95976758003235,313.0
122.06213879585266,313.0
122.1607129573822,313.0
122.26318955421448,313.0
122.36037254333496,313.0
122.45984411239624,313.0
122.56243419647217,313.0
122.66068196296692,313.0
122.76236343383789,313.0
122.8610167503357,313.0
122.96349906921387,313.0
123.06201314926147,313.0
123.16010069847107,313.0
123.26252150535583,313.0
123.36048245429993,313.0
123.46310877799988,313.0
123.56142354011536,313.0
123.6632308959961,313.0
123.76162672042847,313.0
123.86438298225403,313.0
123.96228957176208,313.0
124.06142687797546,313.0
124.16341829299927,313.0
124.26166200637817,313.0
124.36439275741577,313.0
124.46249961853027,313.0
124.56515789031982,313.0
124.66337728500366,313.0
124.76567196846008,313.0
124.86390495300293,313.0
124.96184611320496,313.0
125.06458497047424,313.0
125.16264867782593,313.0
125.26548790931702,313.0
125.36311173439026,313.0
125.46633911132812,313.0
125.56428790092468,313.0
125.6661331653595,313.0
125.76492691040039,313.0
125.8630621433258,313.0
125.96517443656921,313.0
126.06405544281006,313.0
126.16557598114014,313.0
126.26394128799438,313.0
126.36634659767151,313.0
126.46517729759216,313.0
126.56765413284302,313.0
126.6658570766449,313.0
126.76391005516052,313.0
126.8659598827362,313.0
126.96513223648071,313.0
127.06746768951416,313.0
127.16561698913574,313.0
127.26762533187866,313.0
127.36559796333313,313.0
127.46823906898499,313.0
127.5673360824585,313.0
127.66568779945374,313.0
127.76801419258118,313.0
127.86587262153625,313.0
127.96789860725403,313.0
128.06709909439087,313.0
128.16452765464783,313.0
128.26726174354553,313.0
128.36994647979736,313.0
128.4680790901184,313.0
128.56561017036438,313.0
128.66872715950012,313.0
128.7671456336975,313.0
128.86948347091675,313.0
128.96738624572754,313.0
129.06564378738403,313.0
129.16869711875916,313.0
129.2711057662964,313.0
129.36887621879578,313.0
129.46764588356018,313.0
129.5701220035553,313.0
129.66836738586426,313.0
129.77073884010315,313.0
129.8688714504242,313.0
129.9673912525177,313.0
130.06925082206726,313.0
130.16816425323486,313.0
130.27009105682373,313.0
130.36813354492188,313.0
130.47119569778442,313.0
130.5694065093994,313.0
130.67192888259888,313.0
130.76978969573975,313.0
130.86779952049255,313.0
130.97079920768738,313.0
131.06902050971985,313.0
131.17148804664612,313.0
131.26939725875854,313.0
131.37218284606934,313.0
131.47027492523193,313.0
131.5721333026886,313.0
131.67106699943542,313.0
131.7691035270691,313.0
131.87168765068054,313.0
131.96977257728577,313.0
132.07257723808289,313.0
132.17113733291626,313.0
132.27344727516174,313.0
132.37137913703918,313.0
132.47351574897766,313.0
132.5723521709442,313.0
132.67050957679749,313.0
132.7729320526123,313.0
132.87099027633667,313.0
132.97350335121155,313.0
133.0713231563568,313.0
133.17436695098877,313.0
133.2720866203308,313.0
133.37031173706055,313.0
133.47298431396484,313.0
133.57149147987366,313.0
133.67322754859924,313.0
133.7724573612213,313.0
133.8739528656006,313.0
133.97248435020447,313.0
134.07523393630981,313.0
134.17379713058472,313.0
134.27211260795593,313.0
134.3744125366211,313.0
134.4730396270752,313.0
134.57502675056458,313.0
134.6737937927246,313.0
134.77550315856934,313.0
134.87421321868896,313.0
134.9765374660492,313.0
135.0751554965973,313.0
135.17287588119507,313.0
135.27548360824585,313.0
135.3738443851471,313.0
135.47638249397278,313.0
135.57445073127747,313.0
135.67595267295837,313.0
135.7752799987793,313.0
135.8771207332611,313.0
135.9755790233612,313.0
136.07434391975403,313.0
136.1765697002411,313.0
136.27495694160461,313.0
136.37732934951782,313.0
136.47550129890442,313.0
136.5741422176361,313.0
136.67612028121948,313.0
136.77812957763672,313.0
136.877179145813,313.0
136.97525835037231,313.0
137.07704854011536,313.0
137.17595624923706,313.0
137.27814769744873,313.0
137.3757438659668,313.0
137.47447299957275,313.0
137.57717037200928,313.0
137.67997288703918,313.0
137.77816343307495,313.0
137.87634754180908,313.0
137.97841215133667,313.0
138.07708191871643,313.0
138.17961144447327,313.0
138.27773094177246,313.0
138.37556505203247,313.0
138.47804737091064,313.0
138.5810890197754,313.0
138.67837238311768,315.0
138.77725458145142,328.0
138.8800654411316,344.0
138.97839951515198,359.0
139.08066296577454,350.0
139.17825174331665,321.0
139.27586793899536,313.0
139.3793318271637,321.0
139.4776153564453,338.0
139.58018398284912,350.0
139.6783356666565,388.0
139.78048157691956,535.0
139.8792655467987,717.0
139.98117399215698,871.0
140.08019399642944,901.0
140.1774299144745,735.0
140.28001999855042,538.0
140.37827491760254,383.0
140.48145198822021,300.0
140.57910919189453,308.0
140.68177485466003,313.0
140.78035807609558,313.0
140.88225960731506,333.0
140.98106169700623,416.0
141.07911658287048,555.0
141.18124532699585,655.0
141.2802538871765,627.0
141.38223600387573,574.0
141.4802963733673,576.0
141.5830512046814,588.0
141.68115043640137,544.0
141.78343415260315,470.0
141.88169527053833,393.0
141.980384349823,344.0
142.08229660987854,296.0
142.18066692352295,288.0
142.28320717811584,290.0
142.3815004825592,290.0
142.48413133621216,290.0
142.58215141296387,292.0
142.68083596229553,293.0
142.78317785263062,292.0
142.88140726089478,292.0
142.98368072509766,292.0
143.0820472240448,292.0
143.18472504615784,292.0
143.282217502594,292.0
143.38527083396912,292.0
143.48313283920288,292.0
143.58198928833008,292.0
143.684344291687,292.0
143.78269696235657,292.0
143.88498401641846,292.0
143.9832751750946,292.0
144.0853374004364,292.0
144.18326330184937,292.0
144.28552746772766,292.0
144.38424491882324,292.0
144.48246121406555,292.0
144.5852391719818,292.0
144.68316388130188,292.0
144.78535747528076,292.0
144.8842430114746,292.0
144.9861662387848,292.0
145.0849268436432,293.0
145.18709874153137,292.0
145.28527855873108,292.0
145.38346028327942,292.0
145.48585295677185,292.0
145.5845775604248,292.0
145.68709874153137,292.0
145.78461170196533,292.0
145.88383150100708,292.0
145.98578238487244,292.0
146.08767533302307,292.0
146.1866683959961,292.0
146.28561758995056,292.0
146.38737750053406,292.0
146.48503375053406,292.0
146.58805751800537,292.0
146.68601989746094,292.0
146.78465294837952,292.0
146.88730144500732,292.0
146.98553586006165,292.0
147.08787536621094,292.0
147.18632316589355,292.0
147.28828239440918,292.0
147.38632655143738,292.0
147.48843026161194,292.0
147.58705282211304,292.0
147.68557906150818,292.0
147.78728485107422,292.0
147.88562297821045,292.0
147.98847913742065,292.0
148.0870337486267,292.0
148.18925523757935,292.0
148.28774785995483,292.0
148.3900270462036,292.0
148.48871231079102,292.0
148.58718371391296,292.0
148.68877816200256,292.0
148.7872564792633,292.0
148.8896975517273,292.0
148.9872965812683,292.0
149.0903766155243,292.0
149.18924951553345,292.0
149.2908229827881,292.0
149.38968658447266,292.0
149.48793816566467,292.0
149.59055972099304,292.0
149.68794512748718,292.0
149.79117965698242,292.0
149.8892526626587,292.0
149.9914653301239,292.0
150.090252161026,292.0
150.19239735603333,292.0
150.290461063385,292.0
150.38869190216064,292.0
150.49140691757202,292.0
150.58939242362976,292.0
150.69203758239746,292.0
150.79036903381348,292.0
150.89254999160767,292.0
150.9904808998108,292.0
151.0930323600769,292.0
151.19137287139893,292.0
151.29038739204407,292.0
151.3923795223236,292.0
151.49107575416565,292.0
151.59323358535767,292.0
151.69145131111145,292.0
151.79012966156006,292.0
151.8917417526245,292.0
151.99039006233215,292.0
152.09312176704407,292.0
152.1911120414734,292.0
152.29284143447876,292.0
152.39132928848267,292.0
152.4941861629486,292.0
152.5922408103943,292.0
152.690851688385,292.0
152.7932162284851,292.0
152.89168071746826,292.0
152.99349212646484,292.0
153.0923891067505,292.0
153.1943280696869,292.0
153.29311275482178,292.0
153.395423412323,292.0
153.49388122558594,292.0
153.59138870239258,292.0
153.69421219825745,292.0
153.79270482063293,292.0
153.89436197280884,292.0
153.9931037425995,292.0
154.0954086780548,292.0
154.1933946609497,292.0
154.29569625854492,292.0
154.39469742774963,292.0
154.49262595176697,292.0
154.59538888931274,292.0
154.6934516429901,292.0
154.79545950889587,292.0
154.89459371566772,292.0
154.99687552452087,292.0
155.09505343437195,292.0
155.19350695610046,292.0
155.29541087150574,292.0
155.39460587501526,292.0
155.4956693649292,292.0
155.59478640556335,292.0
155.69704270362854,292.0
155.79552698135376,292.0
155.89796137809753,292.0
155.99634099006653,292.0
156.09408140182495,292.0
156.19695949554443,292.0
156.29510283470154,292.0
156.39741587638855,292.0
156.49586606025696,292.0
156.59803533554077,292.0
156.69629454612732,292.0
156.79894828796387,292.0
156.89718079566956,292.0
156.99537587165833,292.0
157.09721779823303,292.0
157.19549989700317,292.0
157.29813146591187,292.0
157.39705681800842,292.0
157.49947094917297,292.0
157.5971806049347,292.0
157.69953179359436,292.0
157.798406124115,292.0
157.8966383934021,292.0
157.9986686706543,292.0
158.0970504283905,292.0
158.1996784210205,292.0
158.2979667186737,292.0
158.39638781547546,292.0
158.4983901977539,292.0
158.6006064414978,292.0
158.69919848442078,292.0
158.79726696014404,292.0
158.9000358581543,292.0
158.99829173088074,292.0
159.10051250457764,292.0
159.1987748146057,292.0
159.297518491745,292.0
159.3998556137085,292.0
159.50129532814026,292.0
159.60008096694946,292.0
159.6984679698944,292.0
159.80132389068604,292.0
159.89904356002808,292.0
160.00141143798828,292.0
160.0995330810547,292.0
160.19854092597961,292.0
160.3009922504425,292.0
160.39934301376343,292.0
160.5015676021576,292.0
160.5999629497528,292.0
160.70217514038086,292.0
160.80039834976196,292.0
160.9027454853058,292.0
161.00143146514893,292.0
161.09905290603638,292.0
161.2021222114563,292.0
161.29984140396118,292.0
161.40280437469482,292.0
161.5006070137024,292.0
161.6028389930725,292.0
161.70108890533447,292.0
161.80392622947693,292.0
161.90240144729614,292.0
162.00011229515076,292.0
162.10251760482788,292.0
162.20089054107666,292.0
162.30370163917542,292.0
162.40129208564758,292.0
162.50454020500183,292.0
162.60228061676025,292.0
162.70509457588196,292.0
162.8033697605133,292.0
162.90150213241577,292.0
163.00434136390686,292.0
163.10239481925964,292.0
163.20404958724976,292.0
163.3031783103943,292.0
163.4050645828247,292.0
163.50391387939453,292.0
163.60580110549927,292.0
163.70466375350952,292.0
163.80294823646545,292.0
163.904926776886,292.0
164.00353574752808,292.0
164.10593056678772,292.0
164.2043013572693,292.0
164.3061079978943,292.0
164.4042685031891,292.0
164.50710010528564,292.0
164.60431933403015,292.0
164.70411920547485,292.0
164.80562257766724,292.0
164.90415787696838,292.0
165.00714778900146,292.0
165.10540413856506,292.0
165.20742630958557,292.0
165.30551958084106,292.0
165.4042718410492,292.0
165.5061149597168,292.0
165.60490727424622,292.0
165.70709419250488,292.0
165.80555605888367,292.0
165.9074239730835,292.0
166.00570583343506,292.0
166.10400390625,292.0
166.20586133003235,292.0
166.30525159835815,292.0
166.40812301635742,292.0
166.50544381141663,292.0
166.6077926158905,292.0
166.7055344581604,292.0
166.8091275691986,292.0
166.9071810245514,292.0
167.00596714019775,292.0
167.1078658103943,295.0
167.20624160766602,313.0
167.30844235420227,355.0
167.40722918510437,360.0
167.50898098945618,315.0
167.60794711112976,292.0
167.7102346420288,292.0
167.80857467651367,294.0
167.90575766563416,296.0
168.00919890403748,294.0
168.10747814178467,292.0
168.20985674858093,292.0
168.30830430984497,296.0
168.4101710319519,298.0
168.50850629806519,294.0
168.60712671279907,301.0
168.70953822135925,292.0
168.80799865722656,286.0
168.90994906425476,285.0
169.00876188278198,285.0
169.1108214855194,285.0
169.20900464057922,284.0
169.3113112449646,286.0
169.40955018997192,291.0
169.50833177566528,292.0
169.6105079650879,292.0
169.70882630348206,293.0
169.8108251094818,320.0
169.90957474708557,336.0
170.01180505752563,344.0
170.1105933189392,365.0
170.21234393119812,378.0
170.31056261062622,353.0
170.4090702533722,296.0
170.51118636131287,318.0
170.61001896858215,369.0
170.7117965221405,401.0
170.81019854545593,421.0
170.9132204055786,424.0
171.01140689849854,421.0
171.11324071884155,290.0
171.21202754974365,318.0
171.30961847305298,376.0
171.412100315094,379.0
171.51100301742554,373.0
171.6130084991455,366.0
171.71128177642822,333.0
171.8101625442505,284.0
171.91195273399353,271.0
172.0150182247162,272.0
172.11325764656067,272.0
172.2114658355713,273.0
172.3136281967163,273.0
172.41185641288757,273.0
172.5137481689453,273.0
172.61245846748352,273.0
172.7109832763672,273.0
172.8131959438324,273.0
172.91594457626343,273.0
173.0139832496643,273.0
173.1124484539032,273.0
173.21440529823303,273.0
173.3129312992096,273.0
173.41581916809082,273.0
173.51344108581543,273.0
173.6122362613678,273.0
173.71432304382324,273.0
173.81700825691223,273.0
173.91480207443237,273.0
174.0136523246765,273.0
174.11551332473755,273.0
174.21423721313477,273.0
174.31567978858948,273.0
174.41501355171204,273.0
174.51331210136414,273.0
174.61513257026672,273.0
174.71373867988586,273.0
174.8164780139923,273.0
174.91461610794067,273.0
175.01704621315002,273.0
175.11528706550598,273.0
175.21804285049438,273.0
175.3161904811859,273.0
175.4138867855072,273.0
175.51563024520874,273.0
175.61528038978577,273.0
175.71718072891235,273.0
175.81562852859497,273.0
175.91799139976501,273.0
176.01559352874756,273.0
176.1186285018921,273.0
176.21733951568604,273.0
176.31574821472168,273.0
176.41726112365723,273.0
176.51578283309937,273.0
176.61812543869019,273.0
176.7172441482544,273.0
176.8192880153656,273.0
176.91714572906494,273.0
177.01943826675415,273.0
177.1183054447174,273.0
177.21639966964722,273.0
177.31831860542297,273.0
177.4174108505249,273.0
177.5194957256317,273.0
177.61709332466125,273.0
177.71977281570435,273.0
177.81791591644287,273.0
177.9171371459961,273.0
178.0186583995819,273.0
178.11727142333984,273.0
178.22019052505493,273.0
178.31818771362305,273.0
178.420804977417,273.0
178.51902174949646,273.0
178.621484041214,273.0
178.7193992137909,273.0
178.81759023666382,273.0
178.92009687423706,273.0
179.01828861236572,273.0
179.12119364738464,273.0
179.21927309036255,273.0
179.3213245868683,273.0
179.42028880119324,273.0
179.5224313735962,273.0
179.62086462974548,273.0
179.71945762634277,273.0
179.82146167755127,273.0
179.9191608428955,273.0
180.02237272262573,273.0
180.11981964111328,273.0
180.22295951843262,273.0
180.32093286514282,273.0
180.41947960853577,273.0
180.52176713943481,273.0
180.6202895641327,273.0
180.72179508209229,273.0
180.82010698318481,273.0
180.92274022102356,273.0
181.0216522216797,273.0
181.1200659275055,273.0
181.22224760055542,273.0
181.3202452659607,273.0
181.4228847026825,273.0
181.5210509300232,273.0
181.62362599372864,273.0
181.72138261795044,273.0
181.82397747039795,273.0
181.92226362228394,273.0
182.02069425582886,273.0
182.1231427192688,273.0
182.22153520584106,273.0
182.32403993606567,273.0
182.4224021434784,273.0
182.5240514278412,273.0
182.62247228622437,273.0
182.72524046897888,273.0
182.82342505455017,273.0
182.92223525047302,273.0
183.02389550209045,273.0
183.12248420715332,273.0
183.2247669696808,273.0
183.32337069511414,273.0
183.42497181892395,273.0
183.52380847930908,273.0
183.62616515159607,273.0
183.7246367931366,273.0
183.82239699363708,273.0
183.92526245117188,273.0
184.02316212654114,273.0
184.12542009353638,273.0
184.22440695762634,273.0
184.32703018188477,273.0
184.4249231815338,273.0
184.5272650718689,273.0
184.62558150291443,273.0
184.72370743751526,273.0
184.8261103630066,273.0
184.92495369911194,273.0
185.02687120437622,273.0
185.12538385391235,273.0
185.22797417640686,273.0
185.32604312896729,273.0
185.42797589302063,273.0
185.5269820690155,273.0
185.62548160552979,273.0
185.72682976722717,273.0
185.82612323760986,273.0
185.92779302597046,273.0
186.02543020248413,273.0
186.12520289421082,273.0
186.22701597213745,273.0
186.32914328575134,273.0
186.42828011512756,273.0
186.5254204273224,273.0
186.6283414363861,273.0
186.72699093818665,273.0
186.82918643951416,273.0
186.9279339313507,273.0
187.02589988708496,273.0
187.12807655334473,273.0
187.2262852191925,273.0
187.32849383354187,273.0
187.4268524646759,273.0
187.52928471565247,273.0
187.62768840789795,273.0
187.73043990135193,273.0
187.82801008224487,273.0
187.92576360702515,278.0
188.02943587303162,286.0
188.12773823738098,280.0
188.22947239875793,273.0
188.32805013656616,273.0
188.43013668060303,273.0
188.5292263031006,275.0
188.63126635551453,283.0
188.7293825149536,273.0
188.82816171646118,274.0
188.9305863380432,278.0
189.02842736244202,276.0
189.13079357147217,273.0
189.22930431365967,273.0
189.33198404312134,275.0
189.43006706237793,277.0
189.53210520744324,296.0
189.63095998764038,316.0
189.7294578552246,312.0
189.8314871788025,334.0
189.92970728874207,358.0
190.03235840797424,354.0
190.13044476509094,346.0
190.23291754722595,328.0
190.3313250541687,294.0
190.43012714385986,290.0
190.53149318695068,303.0
190.62977051734924,278.0
190.73249077796936,266.0
190.83113956451416,266.0
190.93304109573364,264.0
191.03139758110046,268.0
191.13384318351746,268.0
191.23175597190857,268.0
191.33026242256165,268.0
191.43319177627563,268.0
191.53075647354126,268.0
191.63360500335693,268.0
191.732271194458,268.0
191.833899974823,268.0
191.9327507019043,268.0
192.03522992134094,268.0
192.13287734985352,268.0
192.23177242279053,268.0
192.33407998085022,268.0
192.43244576454163,268.0
192.53503036499023,268.0
192.63314604759216,268.0
192.73554253578186,268.0
192.833514213562,268.0
192.93609023094177,268.0
193.0338637828827,268.0
193.13294887542725,268.0
193.23521995544434,268.0
193.33321905136108,268.0
193.43582820892334,268.0
193.5336000919342,268.0
193.63265776634216,268.0
193.73510122299194,268.0
193.83715915679932,268.0
193.9354419708252,268.0
194.03382849693298,268.0
194.13540363311768,268.0
194.2345836162567,268.0
194.33718490600586,268.0
194.43474769592285,268.0
194.53360199928284,268.0
194.6359269618988,268.0
194.73396468162537,268.0
194.8369493484497,268.0
194.93504905700684,268.0
195.03720688819885,268.0
195.1356165409088,268.0
195.2379343509674,268.0
195.3362922668457,268.0
195.43434357643127,268.0
195.53712582588196,268.0
195.63504147529602,268.0
195.73762011528015,268.0
195.8358030319214,268.0
195.93786334991455,268.0
196.0368754863739,268.0
196.13919591903687,268.0
196.23701977729797,268.0
196.3355531692505,268.0
196.4383590221405,268.0
196.53625869750977,268.0
196.63815784454346,268.0
196.7371563911438,268.0
196.83970618247986,268.0
196.93695259094238,268.0
197.0395746231079,268.0
197.13869500160217,268.0
197.237065076828,268.0
197.3389027118683,268.0
197.43783235549927,268.0
197.54019021987915,268.0
197.63840103149414,268.0
197.7401247024536,268.0
197.83916020393372,268.0
197.9412865638733,268.0
198.03945207595825,268.0
198.13812041282654,268.0
198.23981738090515,268.0
198.33876132965088,268.0
198.4405746459961,268.0
198.53920888900757,268.0
198.64154052734375,268.0
198.74006628990173,268.0
198.84240794181824,268.0
198.9400818347931,268.0
199.03885531425476,268.0
199.14129209518433,268.0
199.24004006385803,268.0
199.3416976928711,268.0
199.43990921974182,268.0
199.53829979896545,268.0
199.64124393463135,268.0
199.74352741241455,268.0
199.84110474586487,268.0
199.94000124931335,268.0
200.04173731803894,268.0
200.1408975124359,268.0
200.24328756332397,268.0
200.34143257141113,268.0
200.43990325927734,268.0
200.5423457622528,268.0
200.64023184776306,268.0
200.74274802207947,268.0
200.840717792511,268.0
200.94341492652893,268.0
201.04125714302063,268.0
201.144216299057,268.0
201.24213337898254,268.0
201.34084630012512,268.0
201.44326090812683,268.0
201.54141092300415,268.0
201.6438183784485,268.0
201.74155950546265,268.0
201.8440806865692,268.0
201.94212794303894,268.0
202.04482245445251,268.0
202.14343118667603,268.0
202.2415463924408,268.0
202.34427666664124,268.0
202.4420144557953,268.0
202.54507446289062,268.0
202.6434028148651,268.0
202.74507308006287,268.0
202.84326171875,268.0
202.94635891914368,268.0
203.04441452026367,268.0
203.14312863349915,268.0
203.24500679969788,268.0
203.34302306175232,268.0
203.4461920261383,268.0
203.5438051223755,268.0
203.64692521095276,268.0
203.74434638023376,268.0
203.84354162216187,268.0
203.94523072242737,268.0
204.0441403388977,268.0
204.1454484462738,268.0
204.24417972564697,268.0
204.34714126586914,268.0
204.44506096839905,268.0
204.54728960990906,268.0
204.6459231376648,268.0
204.74406170845032,268.0
204.84613418579102,268.0
204.94511890411377,268.0
205.046777009964,268.0
205.14577889442444,269.0
205.24810552597046,271.0
205.3467710018158,288.0
205.44892811775208,320.0
205.54707717895508,315.0
205.6456642150879,299.0
205.74814867973328,286.0
205.84599924087524,274.0
205.94833970069885,268.0
206.04694390296936,268.0
206.14866399765015,268.0
206.24800610542297,268.0
206.34944701194763,283.0
206.44766902923584,279.0
206.54553127288818,271.0
206.6484522819519,277.0
206.74678826332092,281.0
206.84960961341858,272.0
206.9478223323822,268.0
207.0456018447876,279.0
207.14818024635315,297.0
207.25124669075012,289.0
207.34943771362305,282.0
207.44746494293213,275.0
207.5503499507904,268.0
207.64847683906555,282.0
207.75073623657227,298.0
207.84885692596436,295.0
207.94717717170715,289.0
208.04941129684448,280.0
208.15156602859497,271.0
208.2501266002655,267.0
208.34873270988464,268.0
208.4500331878662,268.0
208.54913759231567,268.0
208.65185499191284,268.0
208.74995756149292,269.0
208.84863424301147,268.0
208.95063185691833,271.0
209.0489935874939,281.0
209.15212225914001,323.0
209.25009274482727,422.0
209.35213470458984,569.0
209.45028829574585,723.0
209.55281519889832,858.0
209.6510865688324,928.0
209.74920845031738,925.0
209.8518042564392,801.0
209.950026512146,550.0
210.05271649360657,333.0
210.15121245384216,258.0
210.25331091880798,261.0
210.351309299469,261.0
210.45369219779968,263.0
210.55181050300598,266.0
210.6500985622406,266.0
210.75265192985535,266.0
210.85128545761108,267.0
210.95315027236938,267.0
211.05207800865173,267.0
211.15385627746582,267.0
211.2520306110382,267.0
211.3550567626953,267.0
211.4531877040863,267.0
211.5518524646759,267.0
211.65419173240662,267.0
211.75235605239868,267.0
211.85473585128784,267.0
211.95333003997803,266.0
212.05540132522583,267.0
212.15401339530945,267.0
212.2561502456665,268.0
212.35394501686096,275.0
212.45246696472168,298.0
212.5546543598175,307.0
212.65303587913513,277.0
212.75548553466797,275.0
212.85428261756897,287.0
212.95673060417175,299.0
213.05430841445923,309.0
213.15247631072998,296.0
213.25501418113708,270.0
213.35373330116272,246.0
213.45554089546204,249.0
213.55441880226135,266.0
213.65679478645325,256.0
213.7548565864563,241.0
213.8528139591217,235.0
213.956050157547,247.0
214.05426287651062,258.0
214.15687465667725,257.0
214.25488114356995,256.0
214.35735249519348,256.0
214.45553255081177,256.0
214.5579695701599,256.0
214.65573978424072,256.0
214.7545783519745,256.0
214.8569211959839,256.0
214.95523977279663,256.0
215.05695509910583,257.0
215.15589833259583,257.0
215.25802540779114,257.0
215.35597133636475,257.0
215.45904302597046,261.0
215.55686926841736,276.0
215.65496969223022,281.0
215.75789046287537,276.0
215.8563575744629,264.0
215.95820999145508,258.0
216.05702471733093,258.0
216.15914583206177,264.0
216.2571074962616,273.0
216.3558967113495,270.0
216.45795965194702,257.0
216.55704855918884,263.0
216.65886926651,272.0
216.75849032402039,266.0
216.85938620567322,259.0
216.95816206932068,269.0
217.05983471870422,314.0
217.15916538238525,399.0
217.25722885131836,517.0
217.3590214252472,636.0
217.45734930038452,527.0
217.5602090358734,309.0
217.658367395401,256.0
217.76048922538757,256.0
217.8591115474701,257.0
217.96112608909607,258.0
218.05991101264954,271.0
218.15784645080566,307.0
218.26056718826294,313.0
218.35841965675354,263.0
218.46133184432983,255.0
218.5594928264618,257.0
218.6621549129486,258.0
218.75916743278503,258.0
218.86265683174133,262.0
218.96046543121338,282.0
219.05933785438538,261.0
219.16144490242004,281.0
219.2603120803833,293.0
219.36263251304626,268.0
219.46065521240234,275.0
219.55899691581726,282.0
219.66132593154907,264.0
219.76334929466248,254.0
219.86212158203125,253.0
219.96039247512817,253.0
220.06291270256042,253.0
220.1609091758728,253.0
220.26304244995117,253.0
220.36138582229614,253.0
220.4600532054901,254.0
220.56272768974304,254.0
220.66439414024353,254.0
220.76322865486145,254.0
220.8610119819641,253.0
220.96388292312622,254.0
221.06154775619507,254.0
221.16417694091797,253.0
221.2624053955078,253.0
221.36108136177063,256.0
221.46279072761536,275.0
221.5655014514923,259.0
221.6637954711914,254.0
221.7621624469757,262.0
221.86511063575745,273.0
221.96299767494202,258.0
222.0657341480255,253.0
222.16397643089294,254.0
222.2617905139923,254.0
222.36401629447937,261.0
222.4627242088318,263.0
222.56493496894836,255.0
222.66312885284424,254.0
222.76531958580017,253.0
222.86360239982605,253.0
222.9660041332245,253.0
223.06452894210815,254.0
223.16320371627808,254.0
223.26574635505676,254.0
223.3633689880371,253.0
223.46533036231995,253.0
223.5648012161255,253.0
223.6668825149536,253.0
223.76553964614868,253.0
223.86768317222595,253.0
223.96559023857117,253.0
224.0641906261444,254.0
224.16561579704285,253.0
224.26489758491516,254.0
224.36689066886902,254.0
224.46594500541687,253.0
224.56831789016724,253.0
224.66535186767578,253.0
224.76827573776245,253.0
224.86720824241638,253.0
224.96523237228394,253.0
225.06693744659424,253.0
225.1657693386078,253.0
225.2678096294403,253.0
225.3666787147522,253.0
225.46876311302185,253.0
225.56774258613586,253.0
225.66517901420593,253.0
225.76818776130676,253.0
225.8661069869995,253.0
225.9687101840973,253.0
226.06731033325195,254.0
226.1695487499237,253.0
226.26811289787292,253.0
226.3701310157776,253.0
226.46793293952942,254.0
226.56675481796265,253.0
226.66857933998108,253.0
226.76738262176514,253.0
226.87015295028687,254.0
226.96755266189575,253.0
227.07045817375183,253.0
227.16894626617432,253.0
227.26715445518494,253.0
227.36938166618347,253.0
227.46777200698853,253.0
227.57015204429626,253.0
227.66886234283447,253.0
227.77030301094055,253.0
227.8690836429596,253.0
227.97053599357605,253.0
228.06986260414124,253.0
228.16780805587769,253.0
228.27108454704285,253.0
228.36899065971375,253.0
228.47120070457458,253.0
228.56991863250732,253.0
228.67146611213684,253.0
228.7707998752594,253.0
228.86897659301758,253.0
228.97103691101074,253.0
229.06941604614258,253.0
229.17154359817505,253.0
229.2700879573822,253.0
229.37239480018616,253.0
229.47079229354858,253.0
229.57250332832336,253.0
229.671147108078,254.0
229.7697093486786,253.0
229.87209701538086,253.0
229.97063040733337,253.0
230.07286548614502,253.0
230.17094588279724,253.0
230.2733199596405,254.0
230.37134170532227,253.0
230.47406578063965,253.0
230.57255840301514,253.0
230.6708173751831,253.0
230.77272963523865,253.0
230.87087273597717,253.0
230.97351551055908,254.0
231.0718879699707,254.0
231.1743025779724,258.0
231.27317023277283,267.0
231.37524819374084,284.0
231.47394371032715,304.0
231.57129979133606,347.0
231.67375373840332,341.0
231.77234435081482,320.0
231.8744957447052,287.0
231.97334575653076,251.0
232.075119972229,234.0
232.1733753681183,233.0
232.27604961395264,243.0
232.37398624420166,247.0
232.4732482433319,246.0
232.57572746276855,246.0
232.67382645606995,246.0
232.77592372894287,246.0
232.8741261959076,246.0
232.9721074104309,250.0
233.07517051696777,272.0
233.17680859565735,294.0
233.27518248558044,304.0
233.37359428405762,312.0
233.47542786598206,325.0
233.5741777420044,309.0
233.6769208908081,266.0
233.77504777908325,248.0
233.87353897094727,247.0
233.97591018676758,248.0
234.07900595664978,247.0
234.1770691871643,247.0
234.27527141571045,247.0
234.37711024284363,247.0
234.47559523582458,247.0
234.57790279388428,247.0
234.67684626579285,247.0
234.77495408058167,247.0
234.8771107196808,247.0
234.97931265830994,247.0
235.07741785049438,247.0
235.1757688522339,249.0
235.27878618240356,261.0
235.37666058540344,292.0
235.4789159297943,274.0
235.57745718955994,258.0
235.67551565170288,263.0
235.77839136123657,265.0
235.87674617767334,236.0
235.97889733314514,226.0
236.07726001739502,242.0
236.17933559417725,256.0
236.27795338630676,255.0
236.37985014915466,230.0
236.47867894172668,228.0
236.57700419425964,231.0
236.67868089675903,231.0
236.7779462337494,233.0
236.88020968437195,234.0
236.97792601585388,234.0
237.08090090751648,234.0
237.17919754981995,234.0
237.28143310546875,234.0
237.37957286834717,235.0
237.47832345962524,235.0
237.58023142814636,235.0
237.67842888832092,235.0
237.78140592575073,235.0
237.8793385028839,235.0
237.9818675518036,235.0
238.07984924316406,235.0
238.1825671195984,235.0
238.28101325035095,235.0
238.3789734840393,235.0
238.48107957839966,235.0
238.58008980751038,235.0
238.68181943893433,235.0
238.78013062477112,235.0
238.88288569450378,235.0
238.98111486434937,235.0
239.07979726791382,235.0
239.18147563934326,235.0
239.27989888191223,235.0
239.3823697566986,235.0
239.48098397254944,235.0
239.5832986831665,235.0
239.68167352676392,235.0
239.78403639793396,235.0
239.88190340995789,235.0
239.98080945014954,235.0
240.08331751823425,235.0
240.18139100074768,235.0
240.283020734787,235.0
240.3820366859436,235.0
240.48422622680664,235.0
240.58270978927612,235.0
240.68467688560486,235.0
240.78340816497803,235.0
240.8813714981079,235.0
240.98411893844604,235.0
241.08180904388428,235.0
241.18457579612732,235.0
241.2823405265808,235.0
241.38533544540405,238.0
241.4837338924408,242.0
241.58165550231934,236.0
241.68403267860413,242.0
241.78259539604187,247.0
241.88505911827087,253.0
241.98343801498413,254.0
242.0857117176056,248.0
242.18363761901855,239.0
242.2826578617096,235.0
242.3850212097168,235.0
242.48313212394714,235.0
242.58505082130432,235.0
242.684180021286,235.0
242.78566884994507,235.0
242.8842167854309,235.0
242.986896276474,235.0
243.08490705490112,235.0
243.18357729911804,235.0
243.2858591079712,235.0
243.3838975429535,235.0
243.48605251312256,235.0
243.58482718467712,235.0
243.6870150566101,235.0
243.78503799438477,235.0
243.88782930374146,235.0
243.98556780815125,235.0
244.0841829776764,235.0
244.18677067756653,235.0
244.28492426872253,235.0
244.38776898384094,235.0
244.48513269424438,235.0
244.58769583702087,235.0
244.68690538406372,235.0
244.78899765014648,235.0
244.88732242584229,235.0
244.98547315597534,235.0
245.08838415145874,235.0
245.18600988388062,235.0
245.2881956100464,235.0
245.3866991996765,235.0
245.4896993637085,235.0
245.58712077140808,235.0
245.68947863578796,235.0
245.78864097595215,235.0
245.88698148727417,235.0
245.98879075050354,235.0
246.0870862007141,235.0
246.1897165775299,235.0
246.28814840316772,235.0
246.38667678833008,235.0
246.48872017860413,235.0
246.59099197387695,235.0
246.68924045562744,235.0
246.78799510002136,235.0
246.89061737060547,235.0
246.98827505111694,238.0
247.0902452468872,243.0
247.1895091533661,240.0
247.28751850128174,236.0
247.38999772071838,235.0
247.49244737625122,235.0
247.58994150161743,235.0
247.68884921073914,235.0
247.79148864746094,235.0
247.88893222808838,235.0
247.99182963371277,239.0
248.09019112586975,263.0
248.1879906654358,274.0
248.29053664207458,274.0
248.38861680030823,279.0
248.49119400978088,283.0
248.58963918685913,267.0
248.69208931922913,242.0
248.79016089439392,223.0
248.89309740066528,224.0
248.9914789199829,226.0
249.08925127983093,228.0
249.19207072257996,230.0
249.2899613380432,230.0
249.39269185066223,230.0
249.49073243141174,230.0
249.5932216644287,230.0
249.69126725196838,230.0
249.793438911438,230.0
249.89166402816772,230.0
249.9910273551941,230.0
250.0931854248047,230.0
250.19096517562866,230.0
250.29364156723022,230.0
250.3919026851654,230.0
250.49398589134216,229.0
250.5927815437317,230.0
250.6949348449707,230.0
250.7931525707245,230.0
250.89188313484192,230.0
250.99410319328308,230.0
251.0919487476349,230.0
251.19459009170532,230.0
251.292809009552,230.0
251.3951199054718,230.0
251.4938838481903,230.0
251.59182977676392,230.0
251.69420862197876,230.0
251.7924885749817,230.0
251.89480352401733,230.0
251.99390745162964,230.0
252.09592056274414,230.0
252.1938328742981,230.0
252.2960011959076,230.0
252.39429759979248,230.0
252.49321246147156,230.0
252.59570908546448,230.0
252.69382643699646,230.0
252.79603838920593,230.0
252.8947184085846,230.0
252.99695682525635,230.0
253.09475088119507,230.0
253.19735503196716,230.0
253.29529809951782,230.0
253.39438438415527,230.0
253.49675178527832,230.0
253.5947289466858,230.0
253.696594953537,230.0
253.7953691482544,230.0
253.8976001739502,230.0
253.99676942825317,230.0
254.09810280799866,230.0
254.19695782661438,230.0
254.29516196250916,230.0
254.39798736572266,230.0
254.4961633682251,230.0
254.5978512763977,230.0
254.69688534736633,230.0
254.79525017738342,230.0
254.89676094055176,230.0
254.99561762809753,230.0
255.09778451919556,230.0
255.1966586112976,230.0
255.2984869480133,230.0
255.39739298820496,230.0
255.4992549419403,230.0
255.5981183052063,230.0
255.69590711593628,230.0
255.79859852790833,230.0
255.8969531059265,230.0
255.99931120872498,230.0
256.0975966453552,230.0
256.2001745700836,230.0
256.29795241355896,230.0
256.4009232521057,230.0
256.49915504455566,230.0
256.5969293117523,230.0
256.6989839076996,230.0
256.79740357398987,230.0
256.90040850639343,230.0
256.9990906715393,230.0
257.1012341976166,230.0
257.1993262767792,230.0
257.30180406570435,230.0
257.3994643688202,230.0
257.49821519851685,230.0
257.6001694202423,230.0
257.6990361213684,230.0
257.8012104034424,230.0
257.8999071121216,230.0
258.0021116733551,230.0
258.1001408100128,230.0
258.2026090621948,230.0
258.3011271953583,230.0
258.3994228839874,230.0
258.502210855484,230.0
258.59967613220215,230.0
258.702250957489,230.0
258.80100679397583,230.0
258.9025993347168,230.0
259.00098633766174,230.0
259.10364174842834,230.0
259.2020597457886,230.0
259.30081272125244,230.0
259.4022891521454,230.0
259.50077986717224,230.0
259.60340785980225,230.0
259.7014904022217,230.0
259.7998127937317,230.0
259.9025502204895,230.0
260.00483083724976,230.0
260.1026659011841,230.0
260.20148730278015,230.0
260.3044579029083,230.0
260.40265417099,230.0
260.5042939186096,230.0
260.6030306816101,230.0
260.7008550167084,230.0
260.8035190105438,230.0
260.9022870063782,230.0
261.004034280777,230.0
261.1027286052704,230.0
261.2048511505127,230.0
261.3035056591034,230.0
261.405868768692,230.0
261.5041573047638,230.0
261.6023597717285,230.0
261.7043652534485,230.0
261.80372858047485,230.0
261.9048376083374,230.0
262.00361466407776,230.0
262.1052885055542,230.0
262.20379614830017,230.0
262.3069529533386,230.0
262.40458369255066,230.0
262.5037410259247,230.0
262.6059195995331,230.0
262.70417523384094,230.0
262.80661129951477,230.0
262.9045066833496,230.0
263.0072190761566,230.0
263.10575795173645,230.0
263.20730662345886,230.0
263.3051896095276,230.0
263.40477323532104,230.0
263.50702142715454,230.0
263.60518503189087,230.0
263.7075192928314,230.0
263.8051903247833,230.0
263.9076180458069,230.0
264.0067307949066,230.0
264.1051564216614,230.0
264.2072322368622,230.0
264.30569338798523,230.0
264.4080955982208,230.0
264.5051188468933,230.0
264.607798576355,234.0
264.7067265510559,251.0
264.8093116283417,253.0
264.9078917503357,257.0
265.0051245689392,274.0
265.10815143585205,271.0
265.20667147636414,269.0
265.30924701690674,271.0
265.40714955329895,271.0
265.50934314727783,256.0
265.6080503463745,229.0
265.7099983692169,210.0
265.8088011741638,209.0
265.9067556858063,214.0
266.00884461402893,224.0
266.10730934143066,234.0
266.20992517471313,223.0
266.3083598613739,224.0
266.41087341308594,254.0
266.5085804462433,255.0
266.6114020347595,227.0
266.7097747325897,216.0
266.80761075019836,216.0
266.9098377227783,217.0
267.00911259651184,217.0
267.1107783317566,217.0
267.20938634872437,217.0
267.30748224258423,217.0
267.41017484664917,217.0
267.51262736320496,217.0
267.61086797714233,217.0
267.7095594406128,217.0
267.81094193458557,217.0
267.91025495529175,217.0
268.012268781662,217.0
268.1106209754944,217.0
268.2088348865509,216.0
268.3112199306488,217.0
268.41384053230286,217.0
268.5117139816284,217.0
268.6100721359253,217.0
268.7127287387848,217.0
268.8105034828186,217.0
268.9131324291229,217.0
269.0114777088165,217.0
269.1096456050873,217.0
269.2124574184418,217.0
269.31079030036926,217.0
269.41334557533264,217.0
269.51122093200684,217.0
269.61400747299194,217.0
269.7122597694397,217.0
269.81398463249207,217.0
269.91250252723694,217.0
270.01110196113586,217.0
270.11301445961,217.0
270.2114164829254,217.0
270.31418633461,217.0
270.4122169017792,217.0
270.5146014690399,217.0
270.61281418800354,217.0
270.71502327919006,217.0
270.8135793209076,217.0
270.9124014377594,217.0
271.0140640735626,217.0
271.11274552345276,217.0
271.2152943611145,217.0
271.31368923187256,217.0
271.41580724716187,217.0
271.5137767791748,217.0
271.6154594421387,217.0
271.7150206565857,217.0
271.8130307197571,217.0
271.91587591171265,217.0
272.0136067867279,216.0
272.1168873310089,216.0
272.2147068977356,217.0
272.31723976135254,217.0
272.4148850440979,217.0
272.51787185668945,217.0
272.6158776283264,217.0
272.7143702507019,217.0
272.8167984485626,217.0
272.91476798057556,217.0
273.0166914463043,217.0
273.1153016090393,217.0
273.21776723861694,217.0
273.3158881664276,217.0
273.4187169075012,217.0
273.516893863678,217.0
273.6154727935791,217.0
273.7175962924957,217.0
273.81514739990234,217.0
273.91799116134644,217.0
274.0168194770813,217.0
274.1148581504822,217.0
274.21722388267517,217.0
274.3150737285614,217.0
274.4177758693695,217.0
274.51661920547485,217.0
274.6184649467468,217.0
274.71682596206665,217.0
274.8192536830902,217.0
274.91776871681213,217.0
275.0152635574341,217.0
275.1187813282013,216.0
275.2168462276459,217.0
275.3197019100189,217.0
275.41792607307434,217.0
275.5199763774872,217.0
275.61764311790466,217.0
275.72054076194763,217.0
275.81890845298767,216.0
275.9166753292084,217.0
276.019234418869,217.0
276.11741280555725,216.0
276.21989917755127,217.0
276.3185703754425,217.0
276.42083621025085,217.0
276.5186188220978,217.0
276.6217622756958,217.0
276.7203423976898,217.0
276.8176212310791,217.0
276.92049074172974,217.0
277.018869638443,217.0
277.1216163635254,217.0
277.2198724746704,217.0
277.3218746185303,217.0
277.4206974506378,217.0
277.5182514190674,217.0
277.6210708618164,217.0
277.71945548057556,217.0
277.8213303089142,217.0
277.91970229148865,217.0
278.0227355957031,217.0
278.1208748817444,217.0
278.22329807281494,217.0
278.32176995277405,217.0
278.4197402000427,217.0
278.52148246765137,217.0
278.6202895641327,217.0
278.7223150730133,217.0
278.8208999633789,217.0
278.9236550331116,217.0
279.02154564857483,217.0
279.12446761131287,217.0
279.2225134372711,217.0
279.32009983062744,217.0
279.4232544898987,217.0
279.5209894180298,217.0
279.6242709159851,217.0
279.72210216522217,217.0
279.82458448410034,217.0
279.9230623245239,216.0
280.0247218608856,217.0
280.12362837791443,217.0
280.2220070362091,217.0
280.3239789009094,217.0
280.42262721061707,216.0
280.5246407985687,217.0
280.62298560142517,217.0
280.7213513851166,217.0
280.82345366477966,217.0
280.925754070282,217.0
281.024698972702,217.0
281.12306237220764,217.0
281.2254002094269,217.0
281.3239002227783,217.0
281.4259250164032,217.0
281.52377939224243,217.0
281.62204599380493,217.0
281.72442412376404,217.0
281.8275170326233,217.0
281.92567563056946,217.0
282.0240578651428,217.0
282.1254527568817,217.0
282.22470450401306,217.0
282.3270044326782,217.0
282.42486238479614,217.0
282.52401995658875,217.0
282.6250424385071,217.0
282.7286648750305,217.0
282.82711911201477,217.0
282.92521715164185,217.0
283.0268175601959,217.0
283.125807762146,217.0
283.2280008792877,217.0
283.3267562389374,217.0
283.4246509075165,217.0
283.5268738269806,217.0
283.62576961517334,217.0
283.7273714542389,217.0
283.8256583213806,217.0
283.92862915992737,217.0
284.02677631378174,217.0
284.12871170043945,217.0
284.2270815372467,217.0
284.32595133781433,217.0
284.42763209342957,216.0
284.5266218185425,217.0
284.6289484500885,217.0
284.72730255126953,217.0
284.82997488975525,216.0
284.9280469417572,217.0
285.02987599372864,217.0
285.1283903121948,217.0
285.2267906665802,217.0
285.32892084121704,217.0
285.4272186756134,216.0
285.5292854309082,217.0
285.6283893585205,217.0
285.7307233810425,217.0
285.8290777206421,216.0
285.9308376312256,217.0
286.0295808315277,217.0
286.12824058532715,217.0
286.2303054332733,217.0
286.32847452163696,217.0
286.4307289123535,216.0
286.5291950702667,216.0
286.6311569213867,217.0
286.7302215099335,217.0
286.82854413986206,217.0
286.93094873428345,218.0
287.0290787220001,227.0
287.1315965652466,239.0
287.22993659973145,230.0
287.3326632976532,214.0
287.4301726818085,215.0
287.53241539001465,219.0
287.63115644454956,219.0
287.72974276542664,217.0
287.8320598602295,217.0
287.9302520751953,216.0
288.03190207481384,217.0
288.1307692527771,217.0
288.23300409317017,217.0
288.33176374435425,217.0
288.4298539161682,217.0
288.53212809562683,220.0
288.63085198402405,222.0
288.7331008911133,225.0
288.8310923576355,228.0
288.9337000846863,238.0
289.0323042869568,247.0
289.134028673172,247.0
289.2326350212097,246.0
289.3310797214508,245.0
289.43287992477417,231.0
289.53131318092346,219.0
289.6335985660553,198.0
289.7326054573059,191.0
289.83433747291565,197.0
289.9324731826782,199.0
290.03108835220337,203.0
290.1340732574463,205.0
290.23199129104614,206.0
290.33398962020874,206.0
290.4328918457031,206.0
290.5348699092865,206.0
290.6334686279297,206.0
290.7356719970703,206.0
290.8346083164215,205.0
290.9324851036072,204.0
291.0349597930908,202.0
291.13329696655273,204.0
291.23500180244446,205.0
291.3337666988373,206.0
291.4365735054016,206.0
291.5347375869751,206.0
291.6368553638458,206.0
291.7353951931,206.0
291.83390069007874,206.0
291.93503499031067,205.0
292.0340859889984,206.0
292.1369409561157,205.0
292.23488426208496,206.0
292.33684730529785,206.0
292.435928106308,206.0
292.5376501083374,206.0
292.63653540611267,206.0
292.7340714931488,206.0
292.8368589878082,206.0
292.9347517490387,206.0
293.036993265152,206.0
293.13539481163025,206.0
293.2379586696625,205.0
293.3366072177887,205.0
293.4389190673828,205.0
293.5371358394623,206.0
293.63496112823486,206.0
293.7378463745117,206.0
293.83658266067505,206.0
293.9388618469238,206.0
294.03670716285706,206.0
294.1348125934601,206.0
294.23768281936646,206.0
294.3398401737213,205.0
294.4383373260498,205.0
294.5366122722626,205.0
294.6385898590088,206.0
294.7369954586029,206.0
294.83989548683167,206.0
294.9380781650543,205.0
295.0364830493927,205.0
295.13898158073425,206.0
295.2412691116333,206.0
295.3390555381775,206.0
295.43772077560425,206.0
295.5397639274597,206.0
295.6387996673584,206.0
295.74091482162476,206.0
295.8394877910614,206.0
295.9369583129883,206.0
296.0397186279297,206.0
296.13833355903625,206.0
296.2401793003082,206.0
296.3390974998474,206.0
296.4408829212189,206.0
296.53982973098755,206.0
296.6419270038605,206.0
296.73984575271606,206.0
296.83872389793396,206.0
296.9405915737152,206.0
297.038898229599,206.0
297.14202070236206,206.0
297.2398569583893,206.0
297.3417694568634,206.0
297.44072699546814,205.0
297.54259419441223,205.0
297.6409561634064,206.0
297.7398250102997,205.0
297.84200286865234,205.0
297.9398055076599,206.0
298.04214000701904,205.0
298.1409101486206,205.0
298.2429871559143,205.0
298.3416199684143,206.0
298.4444053173065,206.0
298.54195761680603,205.0
298.64070892333984,205.0
298.7430272102356,205.0
298.84076499938965,206.0
298.94345903396606,206.0
299.0423114299774,206.0
299.14412546157837,206.0
299.24241161346436,206.0
299.3413441181183,205.0
299.4438555240631,206.0
299.54212403297424,206.0
299.64353489875793,206.0
299.74264883995056,206.0
299.8448896408081,205.0
299.9434826374054,206.0
300.04507088661194,206.0
300.1438694000244,206.0
300.2420518398285,206.0
300.34491991996765,206.0
300.44262957572937,205.0
300.5450699329376,205.0
300.6435832977295,205.0
300.745245218277,205.0
300.84395027160645,206.0
300.94689893722534,206.0
301.04530024528503,206.0
301.1437964439392,206.0
301.2456040382385,205.0
301.3437702655792,206.0
301.44644832611084,206.0
301.54498410224915,206.0
301.6469175815582,206.0
301.745578289032,206.0
301.84710240364075,206.0
301.94536423683167,206.0
302.04479122161865,206.0
302.1467978954315,206.0
302.2448949813843,206.0
302.3476347923279,206.0
302.44538140296936,206.0
302.54387521743774,206.0
302.645889043808,206.0
302.7486617565155,205.0
302.8467905521393,205.0
302.9454782009125,205.0
303.04786705970764,205.0
303.1461772918701,206.0
303.2487564086914,205.0
303.3468837738037,206.0
303.44524335861206,206.0
303.54766273498535,206.0
303.6456940174103,206.0
303.7480697631836,206.0
303.8458676338196,206.0
303.94844818115234,206.0
304.0468111038208,206.0
304.14949774742126,205.0
304.247207403183,205.0
304.345086812973,205.0
304.4479949474335,205.0
304.5469479560852,206.0
304.6495039463043,206.0
304.7477424144745,205.0
304.8499777317047,205.0
304.94799518585205,206.0
305.050265789032,205.0
305.1483519077301,205.0
305.2471423149109,205.0
305.3499324321747,206.0
305.4476478099823,206.0
305.54977679252625,206.0
305.64823365211487,205.0
305.75080466270447,205.0
305.84947538375854,205.0
305.9512801170349,206.0
306.0501403808594,208.0
306.1486248970032,207.0
306.25071382522583,206.0
306.349063873291,208.0
306.45148277282715,206.0
306.5497899055481,201.0
306.65207982063293,202.0
306.75063467025757,211.0
306.85232377052307,205.0
306.9505159854889,188.0
307.04881143569946,193.0
307.1518530845642,196.0
307.24955677986145,199.0
307.35254406929016,199.0
307.4505829811096,199.0
307.5526247024536,199.0
307.6509349346161,199.0
307.7532298564911,199.0
307.8521101474762,199.0
307.9497871398926,199.0
308.05275201797485,199.0
308.1515212059021,199.0
308.25302481651306,199.0
308.35162472724915,198.0
308.45390915870667,199.0
308.55258655548096,199.0
308.6547386646271,199.0
308.7530605792999,199.0
308.85200333595276,199.0
308.95331621170044,199.0
309.051894903183,199.0
309.1543984413147,201.0
309.25300431251526,202.0
309.35080909729004,201.0
309.45399045944214,199.0
309.55204153060913,199.0
309.6544349193573,199.0
309.75213718414307,200.0
309.8546552658081,204.0
309.95353960990906,218.0
310.0551919937134,229.0
310.15394353866577,229.0
310.2525637149811,215.0
310.3545742034912,200.0
310.45353746414185,199.0
310.5550355911255,199.0
310.6537489891052,199.0
310.75521326065063,199.0
310.85440254211426,199.0
310.9566855430603,199.0
311.0552020072937,199.0
311.15287923812866,199.0
311.25517225265503,199.0
311.3536696434021,199.0
311.4566032886505,199.0
311.55511689186096,200.0
311.6567313671112,207.0
311.75584983825684,211.0
311.8576934337616,213.0
311.9556448459625,204.0
312.0541841983795,199.0
312.1564497947693,205.0
312.25502467155457,214.0
312.35702896118164,221.0
312.454626083374,211.0
312.55859112739563,200.0
312.65675950050354,200.0
312.75483775138855,207.0
312.85731863975525,216.0
312.95509457588196,220.0
313.05746579170227,215.0
313.15585947036743,207.0
313.2588138580322,202.0
313.356493473053,199.0
313.45886158943176,192.0
313.5576913356781,197.0
313.6551351547241,199.0
313.7578675746918,199.0
313.85697841644287,199.0
313.95839977264404,199.0
314.05695819854736,204.0
314.15998458862305,224.0
314.25746488571167,261.0
314.36074805259705,292.0
314.4583592414856,280.0
314.5571005344391,204.0
314.6588156223297,205.0
314.75796699523926,217.0
314.8600347042084,221.0
314.9585642814636,222.0
315.06100368499756,230.0
315.1589813232422,233.0
315.26172637939453,234.0
315.3598036766052,229.0
315.45746397972107,210.0
315.5604326725006,199.0
315.6586790084839,198.0
315.7609760761261,199.0
315.85979890823364,199.0
315.9580190181732,199.0
316.0598027706146,199.0
316.1625258922577,199.0
316.2611343860626,198.0
316.35858941078186,198.0
316.4615638256073,198.0
316.5597450733185,199.0
316.66157364845276,199.0
316.7603418827057,199.0
316.85893392562866,199.0
316.9609327316284,199.0
317.0637423992157,199.0
317.1618068218231,199.0
317.2593560218811,199.0
317.3623471260071,199.0
317.4612078666687,199.0
317.56327509880066,199.0
317.6614773273468,199.0
317.75968527793884,199.0
317.8626699447632,199.0
317.9607002735138,199.0
318.06243681907654,199.0
318.16122794151306,199.0
318.2637860774994,199.0
318.36189889907837,199.0
318.4645218849182,199.0
318.5626058578491,199.0
318.66036105155945,199.0
318.7633500099182,199.0
318.8618116378784,199.0
318.9638273715973,199.0
319.06263613700867,199.0
319.1645052433014,199.0
319.26315474510193,199.0
319.36516785621643,199.0
319.46384739875793,199.0
319.5622594356537,199.0
319.66450691223145,199.0
319.7628085613251,199.0
319.8649604320526,199.0
319.96353363990784,199.0
320.06517577171326,199.0
320.16450715065,199.0
320.2665374279022,199.0
320.36503410339355,199.0
320.462913274765,199.0
320.5651693344116,199.0
320.66397738456726,199.0
320.7652037143707,199.0
320.8643777370453,199.0
320.9666292667389,199.0
321.0654890537262,199.0
321.1670789718628,199.0
321.26635456085205,199.0
321.36466908454895,199.0
321.4667191505432,199.0
321.5647945404053,199.0
321.667484998703,199.0
321.765478849411,199.0
321.8677282333374,199.0
321.9665775299072,199.0
322.0649793148041,198.0
322.1665949821472,199.0
322.26546812057495,199.0
322.3676052093506,199.0
322.4649088382721,198.0
322.56885528564453,198.0
322.6664128303528,198.0
322.7687225341797,199.0
322.8671782016754,199.0
322.965615272522,198.0
323.0680892467499,199.0
323.16668462753296,199.0
323.2685167789459,199.0
323.367303609848,199.0
323.4693536758423,199.0
323.56769919395447,199.0
323.66503286361694,199.0
323.7681441307068,199.0
323.86679458618164,199.0
323.9687433242798,198.0
324.0677173137665,199.0
324.169802904129,199.0
324.26754903793335,199.0
324.36999678611755,199.0
324.46902656555176,199.0
324.56750297546387,199.0
324.66973972320557,199.0
324.76773023605347,199.0
324.87058544158936,198.0
324.9685130119324,198.0
325.07060170173645,198.0
325.16864037513733,199.0
325.2678482532501,199.0
325.3698058128357,199.0
325.4681169986725,199.0
325.57063722610474,199.0
325.66871523857117,199.0
325.77141523361206,199.0
325.8698272705078,199.0
325.971599817276,199.0
326.0704970359802,199.0
326.16845297813416,199.0
326.2708978652954,199.0
326.36864280700684,199.0
326.47189235687256,199.0
326.56960892677307,199.0
326.6727592945099,199.0
326.7710266113281,199.0
326.8728857040405,199.0
326.97105073928833,199.0
327.0692834854126,199.0
327.17220401763916,199.0
327.2704882621765,199.0
327.37215638160706,199.0
327.47151041030884,199.0
327.5729396343231,199.0
327.6720209121704,199.0
327.77449655532837,199.0
327.87187814712524,199.0
327.9706087112427,199.0
328.0726647377014,199.0
328.1715621948242,199.0
328.2736761569977,199.0
328.37205052375793,199.0
328.47480058670044,199.0
328.5732343196869,199.0
328.6755533218384,199.0
328.773042678833,199.0
328.8719367980957,199.0
328.9739828109741,199.0
329.0728666782379,199.0
329.1749110221863,199.0
329.2737696170807,199.0
329.3716492652893,199.0
329.47346115112305,199.0
329.5757100582123,199.0
329.67481303215027,199.0
329.77243638038635,199.0
329.8748025894165,199.0
329.9734296798706,199.0
330.07664585113525,199.0
330.1743974685669,199.0
330.2726151943207,199.0
330.3746566772461,199.0
330.47663974761963,199.0
330.57512760162354,199.0
330.67389392852783,199.0
330.7766304016113,199.0
330.874703168869,199.0
330.97641348838806,199.0
331.0749046802521,199.0
331.17353677749634,199.0
331.2756700515747,199.0
331.3742718696594,199.0
331.47682309150696,199.0
331.57508730888367,199.0
331.6774797439575,199.0
331.7750542163849,199.0
331.8782489299774,199.0
331.97656416893005,199.0
332.074387550354,199.0
332.17675971984863,199.0
332.27565598487854,199.0
332.37749552726746,199.0
332.4766035079956,199.0
332.57790207862854,199.0
332.67642092704773,199.0
332.7786269187927,199.0
332.87740874290466,199.0
332.9756305217743,199.0
333.07781052589417,199.0
333.17652440071106,199.0
333.2791705131531,199.0
333.37773299217224,199.0
333.4796669483185,199.0
333.5781762599945,199.0
333.68014454841614,199.0
333.77871799468994,199.0
333.87641310691833,199.0
333.9793977737427,199.0
334.07722306251526,199.0
334.1799838542938,199.0
334.2784011363983,199.0
334.38075852394104,199.0
334.4783618450165,199.0
334.577285528183,199.0
334.6797196865082,199.0
334.777841091156,199.0
334.87978410720825,199.0
334.9788556098938,199.0
335.0807192325592,199.0
335.17956161499023,199.0
335.2811357975006,199.0
335.37985944747925,199.0
335.4778347015381,199.0
335.58084630966187,199.0
335.6785159111023,199.0
335.781854391098,199.0
335.8795084953308,199.0
335.9816679954529,199.0
336.08030915260315,199.0
336.18266344070435,198.0
336.2808995246887,199.0
336.3794240951538,199.0
336.481880903244,199.0
336.5802421569824,199.0
336.6819999217987,199.0
336.78084349632263,199.0
336.88397431373596,198.0
336.98099994659424,198.0
337.0836808681488,199.0
337.18253684043884,199.0
337.28026366233826,199.0
337.38299584388733,199.0
337.4807047843933,199.0
337.58322167396545,199.0
337.6815769672394,199.0
337.7804379463196,198.0
337.88264536857605,199.0
337.9845840930939,199.0
338.083398103714,199.0
338.1809778213501,199.0
338.2834281921387,199.0
338.38253355026245,199.0
338.4843509197235,199.0
338.5829668045044,199.0
338.6817674636841,199.0
338.7836809158325,199.0
338.8818988800049,199.0
338.98442244529724,199.0
339.082147359848,199.0
339.1848335266113,199.0
339.28308033943176,199.0
339.38502502441406,199.0
339.4843657016754,199.0
339.5818712711334,199.0
339.68462324142456,199.0
339.78316259384155,198.0
339.8856189250946,199.0
339.9837701320648,199.0
340.08641624450684,199.0
340.18421745300293,199.0
340.28692984580994,199.0
340.3847234249115,199.0
340.4837305545807,198.0
340.59270882606506,198.0
340.6843583583832,199.0
340.786333322525,199.0
340.88474106788635,199.0
340.9874231815338,199.0
341.08574986457825,199.0
341.1879849433899,199.0
341.28631472587585,199.0
341.3845283985138,199.0
341.48641753196716,199.0
341.585120677948,199.0
341.68723917007446,199.0
341.7859182357788,196.0
341.8877782821655,196.0
341.98662185668945,196.0
342.0887122154236,188.0
342.18673276901245,158.0
342.28527665138245,148.0
342.38755679130554,137.0
342.48571038246155,135.0
342.58856868743896,138.0
342.6867427825928,138.0
342.7889187335968,135.0
342.88800716400146,135.0
342.99006700515747,141.0
343.08866024017334,147.0
343.1863512992859,149.0
343.2894365787506,148.0
343.3868134021759,146.0
343.48959040641785,143.0
343.5875041484833,153.0
343.69054341316223,160.0
343.7888789176941,155.0
343.89156770706177,151.0
343.98930287361145,157.0
344.08734798431396,158.0
344.18956685066223,152.0
344.2888102531433,154.0
344.39058685302734,159.0
344.48935532569885,160.0
344.58727836608887,156.0
344.69007325172424,141.0
344.7877449989319,139.0
344.8905532360077,131.0
344.9881820678711,124.0
345.0910310745239,121.0
345.1892809867859,122.0
345.2923057079315,122.0
345.38961720466614,118.0
345.4886169433594,121.0
345.5908203125,125.0
345.68931317329407,126.0
345.79159593582153,123.0
345.8897211551666,122.0
345.992383480072,126.0
346.09036135673523,125.0
346.19325017929077,125.0
346.2913022041321,123.0
346.3892388343811,123.0
346.492080450058,125.0
346.59058928489685,124.0
346.69310450553894,122.0
346.791002035141,124.0
346.89363718032837,127.0
346.9916422367096,126.0
347.09364008903503,129.0
347.1917016506195,135.0
347.29065918922424,136.0
347.3929479122162,136.0
347.4911332130432,134.0
347.593642950058,137.0
347.69181275367737,138.0
347.7940716743469,139.0
347.89285492897034,141.0
347.9911398887634,140.0
348.0933885574341,140.0
348.19183015823364,141.0
348.2942156791687,138.0
348.39202642440796,134.0
348.49501848220825,143.0
348.59339213371277,144.0
348.6956136226654,142.0
348.7935450077057,139.0
348.8921654224396,141.0
348.9944152832031,144.0
349.0928189754486,146.0
349.19469594955444,144.0
349.2936780452728,145.0
349.3950159549713,146.0
349.4944670200348,147.0
349.5966696739197,146.0
349.6951084136963,148.0
349.79348611831665,155.0
349.89569640159607,153.0
349.99394726753235,152.0
350.09649777412415,150.0
350.1947252750397,149.0
350.2966401576996,149.0
350.3950960636139,149.0
350.49823808670044,152.0
350.59558725357056,155.0
350.6939604282379,155.0
350.7967264652252,152.0
350.89505648612976,151.0
350.99788069725037,151.0
351.0951623916626,150.0
351.19444131851196,148.0
351.296425819397,140.0
351.3985300064087,124.0
351.4971318244934,114.0
351.5951371192932,112.0
351.6978392601013,113.0
351.7962579727173,116.0
351.8978388309479,114.0
351.9969346523285,115.0
352.0945391654968,119.0
352.19746804237366,113.0
352.29959869384766,95.0
352.39848136901855,87.0
352.4964783191681,81.0
352.59869146347046,73.0
352.6968309879303,71.0
352.7992491722107,75.0
352.8981146812439,78.0
352.99636912345886,75.0
353.09876441955566,78.0
353.20057559013367,83.0
353.2987871170044,85.0
353.3974232673645,85.0
353.4999489784241,91.0
353.5981032848358,88.0
353.70075249671936,81.0
353.79840874671936,80.0
353.89759278297424,82.0
353.99918365478516,85.0
354.09749245643616,82.0
354.19976902008057,82.0
354.29847240448,85.0
354.40063285827637,82.0
354.49939703941345,78.0
354.6015079021454,74.0
354.7001144886017,73.0
354.7978103160858,74.0
354.90078043937683,79.0
354.998738527298,85.0
355.1012353897095,80.0
355.19980931282043,77.0
355.3023946285248,80.0
355.40047335624695,82.0
355.5027732849121,83.0
355.600900888443,85.0
355.6989450454712,88.0
355.80188727378845,90.0
355.9000759124756,90.0
356.0026774406433,87.0
356.1009020805359,89.0
356.20291113853455,89.0
356.30083870887756,89.0
356.40314507484436,91.0
356.5018184185028,92.0
356.6007618904114,89.0
356.7029128074646,90.0
356.8014266490936,96.0
356.9034252166748,96.0
357.00203943252563,96.0
357.10452938079834,97.0
357.2020719051361,99.0
357.30057287216187,103.0
357.40332865715027,100.0
357.5013544559479,102.0
357.6038646697998,98.0
357.7021896839142,89.0
357.80462646484375,82.0
357.90329146385193,84.0
358.0056507587433,85.0
358.1033959388733,77.0
358.2016212940216,65.0
358.30438232421875,51.0
358.4024784564972,47.0
358.5052695274353,47.0
358.60346579551697,43.0
358.7055184841156,38.0
358.8035340309143,38.0
358.90645122528076,41.0
359.00443148612976,41.0
359.1028027534485,39.0
359.2048170566559,39.0
359.30404353141785,39.0
359.406263589859,35.0
359.5044729709625,30.0
359.60627722740173,28.0
359.7046630382538,28.0
359.8031840324402,21.0
359.9056522846222,12.0
360.0035791397095,6.0
360.1065456867218,2.0
360.20454573631287,0.0
360.30723690986633,0.0
360.40444779396057,0.0
360.50377345085144,0.0
360.6062979698181,0.0
360.70436096191406,0.0
360.80646896362305,0.0
360.90489387512207,0.0
361.0077667236328,0.0
361.1051273345947,0.0
361.2083559036255,0.0
361.3066084384918,0.0
361.40423941612244,0.0
361.5068738460541,0.0
361.60480403900146,0.0
361.70801758766174,0.0
361.80654859542847,0.0
361.9084417819977,0.0
362.00706601142883,0.0
362.10946679115295,0.0
362.20774102211,0.0
362.30567264556885,0.0
362.40774726867676,0.0
362.50653409957886,0.0
362.60861921310425,0.0
362.70730352401733,0.0
362.809433221817,0.0
362.90737533569336,0.0
363.0104224681854,0.0
363.10830783843994,0.0
363.2073218822479,0.0
363.309317111969,0.0
363.4071612358093,0.0
363.5101225376129,0.0
363.60836005210876,0.0
363.710378408432,0.0
363.80914092063904,0.0
363.9113311767578,0.0
364.00913405418396,0.0
364.1076920032501,0.0
364.2106308937073,0.0
364.30827498435974,0.0
364.4111762046814,0.0
364.5094814300537,0.0
